1; 'Malynda'; 'Kahler';x5800; 'mkahler0@samsung.com';1;1002; Sales Rep
2; 'Moria'; 'Pfeiffer';x5800; 'mpfeiffer1@example.com';1;1002; Sales Rep
3; 'Dwight'; 'Mc Coughan';x5800; 'dmccoughan2@google.cn';1;1002; Sales Rep
4; 'Bryant'; 'Thowless';x5800; 'bthowless3@wired.com';1;1002; Sales Rep
5; 'Lorant'; 'Kaubisch';x5800; 'lkaubisch4@free.fr';1;1002; Sales Rep
6; 'Jasun'; 'Bunch';x5800; 'jbunch5@vkontakte.ru';1;1002; Sales Rep
7; 'Bryan'; 'Pellingar';x5800; 'bpellingar6@paginegialle.it';1;1002; Sales Rep
8; 'Dian'; 'Schooling';x5800; 'dschooling7@wufoo.com';1;1002; Sales Rep
9; 'Meredeth'; 'Scarman';x5800; 'mscarman8@amazon.de';1;1002; Sales Rep
10; 'Moira'; 'Winspar';x5800; 'mwinspar9@cyberchimps.com';1;1002; Sales Rep
11; 'Jacquetta'; 'Rowley';x5800; 'jrowleya@npr.org';1;1002; Sales Rep
12; 'Tremaine'; 'Rosenhaupt';x5800; 'trosenhauptb@addthis.com';1;1002; Sales Rep
13; 'Loutitia'; 'Birbeck';x5800; 'lbirbeckc@psu.edu';1;1002; Sales Rep
14; 'Simone'; 'Girod';x5800; 'sgirodd@t-online.de';1;1002; Sales Rep
15; 'Brnaba'; 'Mundy';x5800; 'bmundye@hatena.ne.jp';1;1002; Sales Rep
16; 'Anselma'; 'Canceller';x5800; 'acancellerf@opera.com';1;1002; Sales Rep
17; 'Kimmie'; 'Habershaw';x5800; 'khabershawg@wordpress.com';1;1002; Sales Rep
18; 'Linnell'; 'Orhrt';x5800; 'lorhrth@homestead.com';1;1002; Sales Rep
19; 'Sonnie'; 'Delort';x5800; 'sdelorti@microsoft.com';1;1002; Sales Rep
20; 'Tedra'; 'Gagin';x5800; 'tgaginj@slideshare.net';1;1002; Sales Rep
21; 'Udell'; 'Romanski';x5800; 'uromanskik@smh.com.au';1;1002; Sales Rep
22; 'Bordy'; 'Grigori';x5800; 'bgrigoril@state.gov';1;1002; Sales Rep
23; 'Lora'; 'Walford';x5800; 'lwalfordm@loc.gov';1;1002; Sales Rep
24; 'Sharyl'; 'Sorrill';x5800; 'ssorrilln@pcworld.com';1;1002; Sales Rep
25; 'Alameda'; 'Campes';x5800; 'acampeso@msn.com';1;1002; Sales Rep
26; 'Dede'; 'Grandisson';x5800; 'dgrandissonp@who.int';1;1002; Sales Rep
27; 'Chiquia'; 'Arsmith';x5800; 'carsmithq@forbes.com';1;1002; Sales Rep
28; 'Jacques'; 'Stanley';x5800; 'jstanleyr@nba.com';1;1002; Sales Rep
29; 'Bernete'; 'Wearn';x5800; 'bwearns@trellian.com';1;1002; Sales Rep
30; 'Caryl'; 'Kays';x5800; 'ckayst@cyberchimps.com';1;1002; Sales Rep
31; 'Rivi'; 'Cockney';x5800; 'rcockneyu@yahoo.com';1;1002; Sales Rep
32; 'Heath'; 'Stollmeyer';x5800; 'hstollmeyerv@chicagotribune.com';1;1002; Sales Rep
33; 'Verla'; 'Edmondson';x5800; 'vedmondsonw@alexa.com';1;1002; Sales Rep
34; 'Farrah'; 'Easbie';x5800; 'feasbiex@jimdo.com';1;1002; Sales Rep
35; 'Timmi'; 'Tummond';x5800; 'ttummondy@lulu.com';1;1002; Sales Rep
36; 'Milzie'; 'De Mars';x5800; 'mdemarsz@facebook.com';1;1002; Sales Rep
37; 'Hercules'; 'Facey';x5800; 'hfacey10@lycos.com';1;1002; Sales Rep
38; 'Brianne'; 'Dilliway';x5800; 'bdilliway11@qq.com';1;1002; Sales Rep
39; 'Wiley'; 'Lesor';x5800; 'wlesor12@cisco.com';1;1002; Sales Rep
40; 'Karilynn'; 'Agdahl';x5800; 'kagdahl13@goodreads.com';1;1002; Sales Rep
41; 'Benjy'; 'Crabbe';x5800; 'bcrabbe14@wunderground.com';1;1002; Sales Rep
42; 'Flossie'; 'Conibear';x5800; 'fconibear15@google.ca';1;1002; Sales Rep
43; 'Trent'; 'Passby';x5800; 'tpassby16@wisc.edu';1;1002; Sales Rep
44; 'Zara'; 'Ivatts';x5800; 'zivatts17@nifty.com';1;1002; Sales Rep
45; 'Kaleb'; 'Baglan';x5800; 'kbaglan18@dion.ne.jp';1;1002; Sales Rep
46; 'Gran'; 'Villiers';x5800; 'gvilliers19@whitehouse.gov';1;1002; Sales Rep
47; 'Currey'; 'Piers';x5800; 'cpiers1a@umich.edu';1;1002; Sales Rep
48; 'Fernande'; 'Whitemarsh';x5800; 'fwhitemarsh1b@icio.us';1;1002; Sales Rep
49; 'Raven'; 'Karlmann';x5800; 'rkarlmann1c@dion.ne.jp';1;1002; Sales Rep
50; 'Norean'; 'Despenser';x5800; 'ndespenser1d@scientificamerican.com';1;1002; Sales Rep
51; 'Florette'; 'Larham';x5800; 'flarham1e@newyorker.com';1;1002; Sales Rep
52; 'Nobe'; 'Nissle';x5800; 'nnissle1f@engadget.com';1;1002; Sales Rep
53; 'Porty'; 'Shevelin';x5800; 'pshevelin1g@springer.com';1;1002; Sales Rep
54; 'Rennie'; 'Wagner';x5800; 'rwagner1h@skyrock.com';1;1002; Sales Rep
55; 'Brandi'; 'Shah';x5800; 'bshah1i@acquirethisname.com';1;1002; Sales Rep
56; 'Lyn'; 'Philimore';x5800; 'lphilimore1j@skyrock.com';1;1002; Sales Rep
57; 'Wald'; 'Adger';x5800; 'wadger1k@uiuc.edu';1;1002; Sales Rep
58; 'Sascha'; 'Chisnall';x5800; 'schisnall1l@mayoclinic.com';1;1002; Sales Rep
59; 'Ellis'; 'Butson';x5800; 'ebutson1m@businessinsider.com';1;1002; Sales Rep
60; 'Cyrus'; 'Micco';x5800; 'cmicco1n@seattletimes.com';1;1002; Sales Rep
61; 'Trent'; 'Masden';x5800; 'tmasden1o@joomla.org';1;1002; Sales Rep
62; 'Florette'; 'Troyes';x5800; 'ftroyes1p@vistaprint.com';1;1002; Sales Rep
63; 'Margalit'; 'Sivil';x5800; 'msivil1q@hugedomains.com';1;1002; Sales Rep
64; 'Mame'; 'Colquyte';x5800; 'mcolquyte1r@mac.com';1;1002; Sales Rep
65; 'Ellary'; 'Colcomb';x5800; 'ecolcomb1s@hibu.com';1;1002; Sales Rep
66; 'Ximenez'; 'Courtman';x5800; 'xcourtman1t@spotify.com';1;1002; Sales Rep
67; 'Gil'; 'Kibbel';x5800; 'gkibbel1u@github.io';1;1002; Sales Rep
68; 'Ches'; 'Sprague';x5800; 'csprague1v@dropbox.com';1;1002; Sales Rep
69; 'Dorene'; 'MacSkeaghan';x5800; 'dmacskeaghan1w@nih.gov';1;1002; Sales Rep
70; 'Leilah'; 'Caudray';x5800; 'lcaudray1x@psu.edu';1;1002; Sales Rep
71; 'Ira'; 'Ivanyushkin';x5800; 'iivanyushkin1y@nymag.com';1;1002; Sales Rep
72; 'Elnora'; 'Else';x5800; 'eelse1z@samsung.com';1;1002; Sales Rep
73; 'Thatcher'; 'Briscow';x5800; 'tbriscow20@ihg.com';1;1002; Sales Rep
74; 'Prudence'; 'Peers';x5800; 'ppeers21@mozilla.org';1;1002; Sales Rep
75; 'Louisette'; 'Woolens';x5800; 'lwoolens22@bloomberg.com';1;1002; Sales Rep
76; 'Oralee'; 'McCahey';x5800; 'omccahey23@clickbank.net';1;1002; Sales Rep
77; 'Kaitlin'; 'Hedger';x5800; 'khedger24@i2i.jp';1;1002; Sales Rep
78; 'Legra'; 'Rawlinson';x5800; 'lrawlinson25@apache.org';1;1002; Sales Rep
79; 'Howey'; 'Pitney';x5800; 'hpitney26@constantcontact.com';1;1002; Sales Rep
80; 'Terrijo'; 'Zumbusch';x5800; 'tzumbusch27@ycombinator.com';1;1002; Sales Rep
81; 'Clotilda'; 'Rosebotham';x5800; 'crosebotham28@bizjournals.com';1;1002; Sales Rep
82; 'Gaven'; 'Charlet';x5800; 'gcharlet29@cnn.com';1;1002; Sales Rep
83; 'Dannel'; 'Antonchik';x5800; 'dantonchik2a@globo.com';1;1002; Sales Rep
84; 'Alfie'; 'Coldridge';x5800; 'acoldridge2b@europa.eu';1;1002; Sales Rep
85; 'Reggis'; 'McGrirl';x5800; 'rmcgrirl2c@oracle.com';1;1002; Sales Rep
86; 'Fenelia'; 'Pitkeathley';x5800; 'fpitkeathley2d@mapquest.com';1;1002; Sales Rep
87; 'Terrance'; 'Fillon';x5800; 'tfillon2e@who.int';1;1002; Sales Rep
88; 'Quill'; 'Dorset';x5800; 'qdorset2f@t.co';1;1002; Sales Rep
89; 'Townie'; 'Gobbet';x5800; 'tgobbet2g@liveinternet.ru';1;1002; Sales Rep
90; 'Mervin'; 'Dupre';x5800; 'mdupre2h@hexun.com';1;1002; Sales Rep
91; 'Baron'; 'Ferrant';x5800; 'bferrant2i@sbwire.com';1;1002; Sales Rep
92; 'Barrie'; 'Stanbury';x5800; 'bstanbury2j@friendfeed.com';1;1002; Sales Rep
93; 'Jacky'; 'Regorz';x5800; 'jregorz2k@cyberchimps.com';1;1002; Sales Rep
94; 'Janot'; 'Kedie';x5800; 'jkedie2l@soundcloud.com';1;1002; Sales Rep
95; 'Westbrooke'; 'Dametti';x5800; 'wdametti2m@weather.com';1;1002; Sales Rep
96; 'Etan'; 'Guiot';x5800; 'eguiot2n@ebay.com';1;1002; Sales Rep
97; 'Cathe'; 'Dorrington';x5800; 'cdorrington2o@tinypic.com';1;1002; Sales Rep
98; 'Odelle'; 'Gibbon';x5800; 'ogibbon2p@deviantart.com';1;1002; Sales Rep
99; 'Kaycee'; 'Timmermann';x5800; 'ktimmermann2q@soup.io';1;1002; Sales Rep
100; 'Sumner'; 'Bulter';x5800; 'sbulter2r@pagesperso-orange.fr';1;1002; Sales Rep
101; 'Corbet'; 'Cornely';x5800; 'ccornely2s@rakuten.co.jp';1;1002; Sales Rep
102; 'Royce'; 'Domenico';x5800; 'rdomenico2t@theatlantic.com';1;1002; Sales Rep
103; 'Dolf'; 'Akerman';x5800; 'dakerman2u@pagesperso-orange.fr';1;1002; Sales Rep
104; 'Ivett'; 'Budleigh';x5800; 'ibudleigh2v@networksolutions.com';1;1002; Sales Rep
105; 'Danella'; 'Esh';x5800; 'desh2w@nymag.com';1;1002; Sales Rep
106; 'Goldarina'; 'Chesley';x5800; 'gchesley2x@webnode.com';1;1002; Sales Rep
107; 'Alta'; 'MacSwayde';x5800; 'amacswayde2y@bloglovin.com';1;1002; Sales Rep
108; 'Vittorio'; 'Dibdin';x5800; 'vdibdin2z@plala.or.jp';1;1002; Sales Rep
109; 'Irwin'; 'Vautin';x5800; 'ivautin30@drupal.org';1;1002; Sales Rep
110; 'Hanna'; 'Grioli';x5800; 'hgrioli31@seattletimes.com';1;1002; Sales Rep
111; 'Michaella'; 'Dikes';x5800; 'mdikes32@furl.net';1;1002; Sales Rep
112; 'Charmane'; 'Purple';x5800; 'cpurple33@wikia.com';1;1002; Sales Rep
113; 'Ritchie'; 'Gludor';x5800; 'rgludor34@istockphoto.com';1;1002; Sales Rep
114; 'Sol'; 'Dionisetto';x5800; 'sdionisetto35@mapquest.com';1;1002; Sales Rep
115; 'Georg'; 'Gillett';x5800; 'ggillett36@elegantthemes.com';1;1002; Sales Rep
116; 'Wynnie'; 'Bader';x5800; 'wbader37@illinois.edu';1;1002; Sales Rep
117; 'Lucina'; 'Manjot';x5800; 'lmanjot38@fda.gov';1;1002; Sales Rep
118; 'Lenore'; 'Huelin';x5800; 'lhuelin39@hugedomains.com';1;1002; Sales Rep
119; 'Lynnell'; 'O''Shaughnessy';x5800; 'loshaughnessy3a@bing.com';1;1002; Sales Rep
120; 'Terrel'; 'Beavington';x5800; 'tbeavington3b@list-manage.com';1;1002; Sales Rep
121; 'Ebony'; 'Reneke';x5800; 'ereneke3c@amazon.co.jp';1;1002; Sales Rep
122; 'Holly'; 'Templeman';x5800; 'htempleman3d@webs.com';1;1002; Sales Rep
123; 'Lyndsie'; 'Glacken';x5800; 'lglacken3e@so-net.ne.jp';1;1002; Sales Rep
124; 'Iago'; 'Malkin';x5800; 'imalkin3f@liveinternet.ru';1;1002; Sales Rep
125; 'Gerhardt'; 'McGann';x5800; 'gmcgann3g@biglobe.ne.jp';1;1002; Sales Rep
126; 'Keen'; 'Bottom';x5800; 'kbottom3h@ifeng.com';1;1002; Sales Rep
127; 'My'; 'Jenson';x5800; 'mjenson3i@furl.net';1;1002; Sales Rep
128; 'Ruttger'; 'Gershom';x5800; 'rgershom3j@oracle.com';1;1002; Sales Rep
129; 'Ara'; 'Caig';x5800; 'acaig3k@admin.ch';1;1002; Sales Rep
130; 'Cosimo'; 'Maffione';x5800; 'cmaffione3l@engadget.com';1;1002; Sales Rep
131; 'Hillyer'; 'Burgise';x5800; 'hburgise3m@sohu.com';1;1002; Sales Rep
132; 'Josi'; 'Dashper';x5800; 'jdashper3n@freewebs.com';1;1002; Sales Rep
133; 'Sande'; 'Jorry';x5800; 'sjorry3o@spotify.com';1;1002; Sales Rep
134; 'Clotilda'; 'Furphy';x5800; 'cfurphy3p@adobe.com';1;1002; Sales Rep
135; 'Emmett'; 'De Brett';x5800; 'edebrett3q@istockphoto.com';1;1002; Sales Rep
136; 'Erhart'; 'Caukill';x5800; 'ecaukill3r@wiley.com';1;1002; Sales Rep
137; 'Jeanine'; 'Kilbourn';x5800; 'jkilbourn3s@google.pl';1;1002; Sales Rep
138; 'Ferdie'; 'Cartmale';x5800; 'fcartmale3t@usgs.gov';1;1002; Sales Rep
139; 'Nolly'; 'Billinge';x5800; 'nbillinge3u@alexa.com';1;1002; Sales Rep
140; 'Hastie'; 'Joul';x5800; 'hjoul3v@ucoz.ru';1;1002; Sales Rep
141; 'Ilka'; 'Baigent';x5800; 'ibaigent3w@jigsy.com';1;1002; Sales Rep
142; 'Margaret'; 'Allward';x5800; 'mallward3x@privacy.gov.au';1;1002; Sales Rep
143; 'Norbert'; 'Quarless';x5800; 'nquarless3y@odnoklassniki.ru';1;1002; Sales Rep
144; 'Roda'; 'Amesbury';x5800; 'ramesbury3z@intel.com';1;1002; Sales Rep
145; 'Traver'; 'Balch';x5800; 'tbalch40@wikimedia.org';1;1002; Sales Rep
146; 'Amie'; 'Drohan';x5800; 'adrohan41@mozilla.org';1;1002; Sales Rep
147; 'Kele'; 'Lidbetter';x5800; 'klidbetter42@upenn.edu';1;1002; Sales Rep
148; 'Emmanuel'; 'Ruoss';x5800; 'eruoss43@nih.gov';1;1002; Sales Rep
149; 'Ruy'; 'Werndly';x5800; 'rwerndly44@123-reg.co.uk';1;1002; Sales Rep
150; 'Cello'; 'Abeau';x5800; 'cabeau45@ucoz.ru';1;1002; Sales Rep
151; 'Gerta'; 'Habeshaw';x5800; 'ghabeshaw46@smh.com.au';1;1002; Sales Rep
152; 'Gun'; 'Raoul';x5800; 'graoul47@google.fr';1;1002; Sales Rep
153; 'Brana'; 'MacElholm';x5800; 'bmacelholm48@hatena.ne.jp';1;1002; Sales Rep
154; 'Hewe'; 'Kersaw';x5800; 'hkersaw49@addtoany.com';1;1002; Sales Rep
155; 'Kiah'; 'Annes';x5800; 'kannes4a@wikia.com';1;1002; Sales Rep
156; 'Storm'; 'Morgue';x5800; 'smorgue4b@sciencedaily.com';1;1002; Sales Rep
157; 'Edita'; 'Grier';x5800; 'egrier4c@aboutads.info';1;1002; Sales Rep
158; 'Saba'; 'De Bischop';x5800; 'sdebischop4d@google.co.jp';1;1002; Sales Rep
159; 'Gilbert'; 'Gaishson';x5800; 'ggaishson4e@ebay.co.uk';1;1002; Sales Rep
160; 'Budd'; 'De Blase';x5800; 'bdeblase4f@macromedia.com';1;1002; Sales Rep
161; 'Janna'; 'McKelvey';x5800; 'jmckelvey4g@quantcast.com';1;1002; Sales Rep
162; 'Jacquenetta'; 'Wimpeney';x5800; 'jwimpeney4h@elpais.com';1;1002; Sales Rep
163; 'Miller'; 'Denial';x5800; 'mdenial4i@cdc.gov';1;1002; Sales Rep
164; 'Louie'; 'Bricknall';x5800; 'lbricknall4j@nifty.com';1;1002; Sales Rep
165; 'Harmony'; 'Boulger';x5800; 'hboulger4k@alexa.com';1;1002; Sales Rep
166; 'Darcy'; 'Bonhill';x5800; 'dbonhill4l@washingtonpost.com';1;1002; Sales Rep
167; 'Corny'; 'Andres';x5800; 'candres4m@prnewswire.com';1;1002; Sales Rep
168; 'Sylvan'; 'Byrcher';x5800; 'sbyrcher4n@who.int';1;1002; Sales Rep
169; 'Dana'; 'Kerswill';x5800; 'dkerswill4o@yale.edu';1;1002; Sales Rep
170; 'Woodman'; 'Colquete';x5800; 'wcolquete4p@chicagotribune.com';1;1002; Sales Rep
171; 'Gerardo'; 'Petegre';x5800; 'gpetegre4q@studiopress.com';1;1002; Sales Rep
172; 'Ernest'; 'O''Daly';x5800; 'eodaly4r@arizona.edu';1;1002; Sales Rep
173; 'Cletus'; 'Lambot';x5800; 'clambot4s@clickbank.net';1;1002; Sales Rep
174; 'Thacher'; 'Skehens';x5800; 'tskehens4t@sphinn.com';1;1002; Sales Rep
175; 'Baxy'; 'Feild';x5800; 'bfeild4u@comcast.net';1;1002; Sales Rep
176; 'Darbie'; 'Coverdale';x5800; 'dcoverdale4v@pen.io';1;1002; Sales Rep
177; 'Fraser'; 'Juschka';x5800; 'fjuschka4w@economist.com';1;1002; Sales Rep
178; 'Joice'; 'Matijasevic';x5800; 'jmatijasevic4x@mapy.cz';1;1002; Sales Rep
179; 'Doy'; 'Kenyon';x5800; 'dkenyon4y@uiuc.edu';1;1002; Sales Rep
180; 'Del'; 'Kunzelmann';x5800; 'dkunzelmann4z@twitpic.com';1;1002; Sales Rep
181; 'Sigismund'; 'Grinaugh';x5800; 'sgrinaugh50@cloudflare.com';1;1002; Sales Rep
182; 'Winslow'; 'Fincher';x5800; 'wfincher51@auda.org.au';1;1002; Sales Rep
183; 'Addi'; 'Lukacs';x5800; 'alukacs52@1688.com';1;1002; Sales Rep
184; 'Maryjo'; 'Besson';x5800; 'mbesson53@ovh.net';1;1002; Sales Rep
185; 'Harmonia'; 'Carek';x5800; 'hcarek54@tripadvisor.com';1;1002; Sales Rep
186; 'Carolin'; 'Blanking';x5800; 'cblanking55@goodreads.com';1;1002; Sales Rep
187; 'Payton'; 'Basek';x5800; 'pbasek56@liveinternet.ru';1;1002; Sales Rep
188; 'Jaclyn'; 'Husselbee';x5800; 'jhusselbee57@tiny.cc';1;1002; Sales Rep
189; 'Lisha'; 'Dubs';x5800; 'ldubs58@fotki.com';1;1002; Sales Rep
190; 'Jesus'; 'Walas';x5800; 'jwalas59@weather.com';1;1002; Sales Rep
191; 'Alayne'; 'Olczyk';x5800; 'aolczyk5a@cafepress.com';1;1002; Sales Rep
192; 'Therese'; 'Andersson';x5800; 'tandersson5b@dagondesign.com';1;1002; Sales Rep
193; 'Ruperta'; 'Sorsbie';x5800; 'rsorsbie5c@google.com.au';1;1002; Sales Rep
194; 'Orlando'; 'Cullotey';x5800; 'ocullotey5d@cisco.com';1;1002; Sales Rep
195; 'Deeyn'; 'Leppingwell';x5800; 'dleppingwell5e@cnn.com';1;1002; Sales Rep
196; 'Anallese'; 'Mabb';x5800; 'amabb5f@mit.edu';1;1002; Sales Rep
197; 'Ame'; 'Genders';x5800; 'agenders5g@bandcamp.com';1;1002; Sales Rep
198; 'Leonelle'; 'Episcopio';x5800; 'lepiscopio5h@umich.edu';1;1002; Sales Rep
199; 'Hettie'; 'Jendrusch';x5800; 'hjendrusch5i@accuweather.com';1;1002; Sales Rep
200; 'Issy'; 'Burkill';x5800; 'iburkill5j@google.cn';1;1002; Sales Rep
201; 'Martita'; 'Trathan';x5800; 'mtrathan5k@psu.edu';1;1002; Sales Rep
202; 'Rudolf'; 'Chadwick';x5800; 'rchadwick5l@bizjournals.com';1;1002; Sales Rep
203; 'Afton'; 'Messham';x5800; 'amessham5m@deliciousdays.com';1;1002; Sales Rep
204; 'Jorge'; 'Wherrit';x5800; 'jwherrit5n@buzzfeed.com';1;1002; Sales Rep
205; 'Emmanuel'; 'Peter';x5800; 'epeter5o@theatlantic.com';1;1002; Sales Rep
206; 'Farlee'; 'Linggard';x5800; 'flinggard5p@pinterest.com';1;1002; Sales Rep
207; 'Carlin'; 'Roswarne';x5800; 'croswarne5q@unicef.org';1;1002; Sales Rep
208; 'Ealasaid'; 'Heake';x5800; 'eheake5r@hubpages.com';1;1002; Sales Rep
209; 'Meir'; 'O''Rourke';x5800; 'morourke5s@blogspot.com';1;1002; Sales Rep
210; 'Giana'; 'Verdey';x5800; 'gverdey5t@com.com';1;1002; Sales Rep
211; 'Marieann'; 'Dorling';x5800; 'mdorling5u@soundcloud.com';1;1002; Sales Rep
212; 'Yovonnda'; 'Berresford';x5800; 'yberresford5v@ebay.co.uk';1;1002; Sales Rep
213; 'Gus'; 'Saice';x5800; 'gsaice5w@bloglovin.com';1;1002; Sales Rep
214; 'Sharlene'; 'Elton';x5800; 'selton5x@tiny.cc';1;1002; Sales Rep
215; 'Teodorico'; 'Howey';x5800; 'thowey5y@newyorker.com';1;1002; Sales Rep
216; 'Keeley'; 'Kleinschmidt';x5800; 'kkleinschmidt5z@cafepress.com';1;1002; Sales Rep
217; 'Aaren'; 'Murrison';x5800; 'amurrison60@independent.co.uk';1;1002; Sales Rep
218; 'Ruprecht'; 'Domb';x5800; 'rdomb61@lycos.com';1;1002; Sales Rep
219; 'Cari'; 'Yosevitz';x5800; 'cyosevitz62@answers.com';1;1002; Sales Rep
220; 'Hartwell'; 'Minto';x5800; 'hminto63@stumbleupon.com';1;1002; Sales Rep
221; 'Goober'; 'Mowlam';x5800; 'gmowlam64@pbs.org';1;1002; Sales Rep
222; 'Jarrett'; 'Bagby';x5800; 'jbagby65@miitbeian.gov.cn';1;1002; Sales Rep
223; 'Herculie'; 'Yglesia';x5800; 'hyglesia66@nasa.gov';1;1002; Sales Rep
224; 'Giulia'; 'Cuningham';x5800; 'gcuningham67@squarespace.com';1;1002; Sales Rep
225; 'Fielding'; 'Mitchinson';x5800; 'fmitchinson68@quantcast.com';1;1002; Sales Rep
226; 'Torey'; 'McMorran';x5800; 'tmcmorran69@elpais.com';1;1002; Sales Rep
227; 'Cori'; 'Cuseick';x5800; 'ccuseick6a@infoseek.co.jp';1;1002; Sales Rep
228; 'Zarah'; 'Lowten';x5800; 'zlowten6b@japanpost.jp';1;1002; Sales Rep
229; 'Jordon'; 'Wartnaby';x5800; 'jwartnaby6c@economist.com';1;1002; Sales Rep
230; 'Ellissa'; 'Shead';x5800; 'eshead6d@wikia.com';1;1002; Sales Rep
231; 'Hillery'; 'Leach';x5800; 'hleach6e@indiatimes.com';1;1002; Sales Rep
232; 'Corella'; 'Lovitt';x5800; 'clovitt6f@photobucket.com';1;1002; Sales Rep
233; 'Aland'; 'Trammel';x5800; 'atrammel6g@usa.gov';1;1002; Sales Rep
234; 'Dukey'; 'Choffin';x5800; 'dchoffin6h@marriott.com';1;1002; Sales Rep
235; 'Wake'; 'Sommers';x5800; 'wsommers6i@goodreads.com';1;1002; Sales Rep
236; 'Leigh'; 'Vautre';x5800; 'lvautre6j@google.ca';1;1002; Sales Rep
237; 'Mord'; 'Codner';x5800; 'mcodner6k@goo.ne.jp';1;1002; Sales Rep
238; 'Henrik'; 'Ellingford';x5800; 'hellingford6l@shareasale.com';1;1002; Sales Rep
239; 'Nicholas'; 'Newling';x5800; 'nnewling6m@cam.ac.uk';1;1002; Sales Rep
240; 'Paule'; 'Borrell';x5800; 'pborrell6n@jimdo.com';1;1002; Sales Rep
241; 'Windy'; 'Fredi';x5800; 'wfredi6o@unc.edu';1;1002; Sales Rep
242; 'De witt'; 'Potell';x5800; 'dpotell6p@studiopress.com';1;1002; Sales Rep
243; 'Loleta'; 'Schofield';x5800; 'lschofield6q@t-online.de';1;1002; Sales Rep
244; 'Mechelle'; 'Garms';x5800; 'mgarms6r@bigcartel.com';1;1002; Sales Rep
245; 'Coriss'; 'Skellington';x5800; 'cskellington6s@list-manage.com';1;1002; Sales Rep
246; 'Casey'; 'Howard - Gater';x5800; 'chowardgater6t@domainmarket.com';1;1002; Sales Rep
247; 'Nancie'; 'Gummow';x5800; 'ngummow6u@pagesperso-orange.fr';1;1002; Sales Rep
248; 'Meggie'; 'Toupe';x5800; 'mtoupe6v@dell.com';1;1002; Sales Rep
249; 'Bette-ann'; 'Housbie';x5800; 'bhousbie6w@dot.gov';1;1002; Sales Rep
250; 'Gabrila'; 'Horstead';x5800; 'ghorstead6x@wsj.com';1;1002; Sales Rep
251; 'Leeland'; 'Lawfull';x5800; 'llawfull6y@arstechnica.com';1;1002; Sales Rep
252; 'Tommy'; 'Rehn';x5800; 'trehn6z@yahoo.co.jp';1;1002; Sales Rep
253; 'Nedi'; 'Brien';x5800; 'nbrien70@altervista.org';1;1002; Sales Rep
254; 'Dora'; 'Kitteman';x5800; 'dkitteman71@pen.io';1;1002; Sales Rep
255; 'Lilas'; 'Verdie';x5800; 'lverdie72@oracle.com';1;1002; Sales Rep
256; 'Cherida'; 'Dutton';x5800; 'cdutton73@army.mil';1;1002; Sales Rep
257; 'Charlotta'; 'Caslane';x5800; 'ccaslane74@newsvine.com';1;1002; Sales Rep
258; 'Edin'; 'Percy';x5800; 'epercy75@goo.gl';1;1002; Sales Rep
259; 'Georgeanne'; 'De Caroli';x5800; 'gdecaroli76@abc.net.au';1;1002; Sales Rep
260; 'Meredith'; 'Forster';x5800; 'mforster77@imdb.com';1;1002; Sales Rep
261; 'Mariellen'; 'Boud';x5800; 'mboud78@twitter.com';1;1002; Sales Rep
262; 'Ilka'; 'Trazzi';x5800; 'itrazzi79@smugmug.com';1;1002; Sales Rep
263; 'Thornton'; 'Hollebon';x5800; 'thollebon7a@jalbum.net';1;1002; Sales Rep
264; 'Rosmunda'; 'Rignall';x5800; 'rrignall7b@globo.com';1;1002; Sales Rep
265; 'Curr'; 'Harefoot';x5800; 'charefoot7c@miitbeian.gov.cn';1;1002; Sales Rep
266; 'Nathanial'; 'Kareman';x5800; 'nkareman7d@yandex.ru';1;1002; Sales Rep
267; 'Bettine'; 'Andrysiak';x5800; 'bandrysiak7e@etsy.com';1;1002; Sales Rep
268; 'Fidelity'; 'Presho';x5800; 'fpresho7f@phoca.cz';1;1002; Sales Rep
269; 'Augusto'; 'Truelove';x5800; 'atruelove7g@cnbc.com';1;1002; Sales Rep
270; 'Muffin'; 'Klagges';x5800; 'mklagges7h@github.com';1;1002; Sales Rep
271; 'Ambrosio'; 'Veneur';x5800; 'aveneur7i@japanpost.jp';1;1002; Sales Rep
272; 'Irena'; 'Langhorne';x5800; 'ilanghorne7j@example.com';1;1002; Sales Rep
273; 'Ilaire'; 'Simoncelli';x5800; 'isimoncelli7k@chicagotribune.com';1;1002; Sales Rep
274; 'Sharline'; 'Bickerton';x5800; 'sbickerton7l@jiathis.com';1;1002; Sales Rep
275; 'Inglis'; 'Gedge';x5800; 'igedge7m@google.fr';1;1002; Sales Rep
276; 'Brewer'; 'Hains';x5800; 'bhains7n@alexa.com';1;1002; Sales Rep
277; 'Silvano'; 'Byles';x5800; 'sbyles7o@paypal.com';1;1002; Sales Rep
278; 'Belicia'; 'Puttick';x5800; 'bputtick7p@webnode.com';1;1002; Sales Rep
279; 'Jamie'; 'Wearden';x5800; 'jwearden7q@ucla.edu';1;1002; Sales Rep
280; 'Brittni'; 'Lackmann';x5800; 'blackmann7r@independent.co.uk';1;1002; Sales Rep
281; 'Jaquenette'; 'Whittington';x5800; 'jwhittington7s@desdev.cn';1;1002; Sales Rep
282; 'Eirena'; 'Glayzer';x5800; 'eglayzer7t@slate.com';1;1002; Sales Rep
283; 'Nadeen'; 'Moline';x5800; 'nmoline7u@arizona.edu';1;1002; Sales Rep
284; 'Karleen'; 'Culvey';x5800; 'kculvey7v@about.com';1;1002; Sales Rep
285; 'Nonah'; 'De Mico';x5800; 'ndemico7w@seattletimes.com';1;1002; Sales Rep
286; 'Townsend'; 'Sells';x5800; 'tsells7x@nps.gov';1;1002; Sales Rep
287; 'Emelyne'; 'Hrachovec';x5800; 'ehrachovec7y@uiuc.edu';1;1002; Sales Rep
288; 'Lois'; 'Sicely';x5800; 'lsicely7z@yahoo.co.jp';1;1002; Sales Rep
289; 'Edithe'; 'Jaram';x5800; 'ejaram80@vkontakte.ru';1;1002; Sales Rep
290; 'Cristal'; 'Brason';x5800; 'cbrason81@vk.com';1;1002; Sales Rep
291; 'Carena'; 'Kilduff';x5800; 'ckilduff82@domainmarket.com';1;1002; Sales Rep
292; 'Latrina'; 'Langmead';x5800; 'llangmead83@sina.com.cn';1;1002; Sales Rep
293; 'Vachel'; 'Dominici';x5800; 'vdominici84@instagram.com';1;1002; Sales Rep
294; 'Kent'; 'Chance';x5800; 'kchance85@cisco.com';1;1002; Sales Rep
295; 'Yoko'; 'Tolomei';x5800; 'ytolomei86@tamu.edu';1;1002; Sales Rep
296; 'Jermaine'; 'Milne';x5800; 'jmilne87@unblog.fr';1;1002; Sales Rep
297; 'Milly'; 'Moult';x5800; 'mmoult88@simplemachines.org';1;1002; Sales Rep
298; 'Roley'; 'Gordon';x5800; 'rgordon89@un.org';1;1002; Sales Rep
299; 'Had'; 'Skivington';x5800; 'hskivington8a@51.la';1;1002; Sales Rep
300; 'Lanita'; 'Sherel';x5800; 'lsherel8b@virginia.edu';1;1002; Sales Rep
301; 'Odelle'; 'Thirst';x5800; 'othirst8c@technorati.com';1;1002; Sales Rep
302; 'Elwood'; 'Impey';x5800; 'eimpey8d@yahoo.com';1;1002; Sales Rep
303; 'Friedrick'; 'Gillean';x5800; 'fgillean8e@dot.gov';1;1002; Sales Rep
304; 'Marv'; 'Eglese';x5800; 'meglese8f@about.com';1;1002; Sales Rep
305; 'Basile'; 'Licas';x5800; 'blicas8g@jiathis.com';1;1002; Sales Rep
306; 'Greggory'; 'Southgate';x5800; 'gsouthgate8h@mediafire.com';1;1002; Sales Rep
307; 'Ulysses'; 'Sweetsur';x5800; 'usweetsur8i@sourceforge.net';1;1002; Sales Rep
308; 'Eben'; 'Leatherbarrow';x5800; 'eleatherbarrow8j@prlog.org';1;1002; Sales Rep
309; 'Aeriell'; 'Buckeridge';x5800; 'abuckeridge8k@ca.gov';1;1002; Sales Rep
310; 'Henrie'; 'Marten';x5800; 'hmarten8l@dagondesign.com';1;1002; Sales Rep
311; 'Noach'; 'Silwood';x5800; 'nsilwood8m@blogger.com';1;1002; Sales Rep
312; 'Rogerio'; 'Thorneley';x5800; 'rthorneley8n@dedecms.com';1;1002; Sales Rep
313; 'Sheilakathryn'; 'Eccleston';x5800; 'seccleston8o@ameblo.jp';1;1002; Sales Rep
314; 'Phedra'; 'McWhan';x5800; 'pmcwhan8p@blogger.com';1;1002; Sales Rep
315; 'Andree'; 'Labram';x5800; 'alabram8q@freewebs.com';1;1002; Sales Rep
316; 'Ralf'; 'Edmonston';x5800; 'redmonston8r@comsenz.com';1;1002; Sales Rep
317; 'Teodor'; 'Reddin';x5800; 'treddin8s@hostgator.com';1;1002; Sales Rep
318; 'Aretha'; 'Flucker';x5800; 'aflucker8t@stanford.edu';1;1002; Sales Rep
319; 'Coop'; 'Longman';x5800; 'clongman8u@timesonline.co.uk';1;1002; Sales Rep
320; 'Marji'; 'Pawelek';x5800; 'mpawelek8v@java.com';1;1002; Sales Rep
321; 'Allx'; 'Vasyuchov';x5800; 'avasyuchov8w@newsvine.com';1;1002; Sales Rep
322; 'Adeline'; 'Lyptrit';x5800; 'alyptrit8x@unesco.org';1;1002; Sales Rep
323; 'Muffin'; 'Beacon';x5800; 'mbeacon8y@spiegel.de';1;1002; Sales Rep
324; 'Humphrey'; 'Rosson';x5800; 'hrosson8z@quantcast.com';1;1002; Sales Rep
325; 'Berke'; 'O''Driscole';x5800; 'bodriscole90@gmpg.org';1;1002; Sales Rep
326; 'Dunn'; 'Basnett';x5800; 'dbasnett91@dailymotion.com';1;1002; Sales Rep
327; 'Gottfried'; 'Norwood';x5800; 'gnorwood92@blogspot.com';1;1002; Sales Rep
328; 'Tabina'; 'Leakner';x5800; 'tleakner93@arstechnica.com';1;1002; Sales Rep
329; 'Stillmann'; 'Beards';x5800; 'sbeards94@vkontakte.ru';1;1002; Sales Rep
330; 'Carmita'; 'Dowry';x5800; 'cdowry95@bloglovin.com';1;1002; Sales Rep
331; 'Terese'; 'Geraghty';x5800; 'tgeraghty96@discovery.com';1;1002; Sales Rep
332; 'Ichabod'; 'Stainfield';x5800; 'istainfield97@slideshare.net';1;1002; Sales Rep
333; 'Heidi'; 'Vince';x5800; 'hvince98@facebook.com';1;1002; Sales Rep
334; 'Arley'; 'Ertelt';x5800; 'aertelt99@answers.com';1;1002; Sales Rep
335; 'Curry'; 'Workman';x5800; 'cworkman9a@alexa.com';1;1002; Sales Rep
336; 'Mersey'; 'Emmison';x5800; 'memmison9b@dion.ne.jp';1;1002; Sales Rep
337; 'Mari'; 'Brettell';x5800; 'mbrettell9c@time.com';1;1002; Sales Rep
338; 'Ezra'; 'Garces';x5800; 'egarces9d@dropbox.com';1;1002; Sales Rep
339; 'Immanuel'; 'Wildbore';x5800; 'iwildbore9e@pagesperso-orange.fr';1;1002; Sales Rep
340; 'Debbie'; 'Tolan';x5800; 'dtolan9f@bbc.co.uk';1;1002; Sales Rep
341; 'Zorine'; 'Beeckx';x5800; 'zbeeckx9g@berkeley.edu';1;1002; Sales Rep
342; 'Margaretta'; 'Hartop';x5800; 'mhartop9h@dailymail.co.uk';1;1002; Sales Rep
343; 'Silvanus'; 'Swalwel';x5800; 'sswalwel9i@alexa.com';1;1002; Sales Rep
344; 'Godfrey'; 'Challes';x5800; 'gchalles9j@ucla.edu';1;1002; Sales Rep
345; 'Sheela'; 'Bernardeschi';x5800; 'sbernardeschi9k@xing.com';1;1002; Sales Rep
346; 'Kathy'; 'Winspare';x5800; 'kwinspare9l@t-online.de';1;1002; Sales Rep
347; 'Dee dee'; 'Whitters';x5800; 'dwhitters9m@usgs.gov';1;1002; Sales Rep
348; 'Ulrich'; 'Zecchetti';x5800; 'uzecchetti9n@com.com';1;1002; Sales Rep
349; 'Dorris'; 'Pollett';x5800; 'dpollett9o@tinyurl.com';1;1002; Sales Rep
350; 'Gayla'; 'Withers';x5800; 'gwithers9p@businessinsider.com';1;1002; Sales Rep
351; 'Alf'; 'Ancketill';x5800; 'aancketill9q@pen.io';1;1002; Sales Rep
352; 'Kassandra'; 'Tremaine';x5800; 'ktremaine9r@csmonitor.com';1;1002; Sales Rep
353; 'Lucie'; 'Escudier';x5800; 'lescudier9s@utexas.edu';1;1002; Sales Rep
354; 'Hayward'; 'Kees';x5800; 'hkees9t@senate.gov';1;1002; Sales Rep
355; 'Jennie'; 'O''Lunney';x5800; 'jolunney9u@ifeng.com';1;1002; Sales Rep
356; 'Dimitry'; 'Coupar';x5800; 'dcoupar9v@etsy.com';1;1002; Sales Rep
357; 'Esteban'; 'Plinck';x5800; 'eplinck9w@cdc.gov';1;1002; Sales Rep
358; 'Ferdie'; 'Kier';x5800; 'fkier9x@forbes.com';1;1002; Sales Rep
359; 'Colene'; 'Segge';x5800; 'csegge9y@opensource.org';1;1002; Sales Rep
360; 'Harrietta'; 'Rubinsztein';x5800; 'hrubinsztein9z@163.com';1;1002; Sales Rep
361; 'Thaddus'; 'Lettsom';x5800; 'tlettsoma0@tinypic.com';1;1002; Sales Rep
362; 'Richmond'; 'Anshell';x5800; 'ranshella1@vimeo.com';1;1002; Sales Rep
363; 'Dalila'; 'Gronaller';x5800; 'dgronallera2@npr.org';1;1002; Sales Rep
364; 'Javier'; 'Flatte';x5800; 'jflattea3@vinaora.com';1;1002; Sales Rep
365; 'Cornela'; 'Antecki';x5800; 'canteckia4@hugedomains.com';1;1002; Sales Rep
366; 'Jori'; 'Loyley';x5800; 'jloyleya5@dailymail.co.uk';1;1002; Sales Rep
367; 'Vale'; 'Paradyce';x5800; 'vparadycea6@nih.gov';1;1002; Sales Rep
368; 'Drew'; 'Marran';x5800; 'dmarrana7@360.cn';1;1002; Sales Rep
369; 'Dolley'; 'Laven';x5800; 'dlavena8@usgs.gov';1;1002; Sales Rep
370; 'Whitney'; 'Darker';x5800; 'wdarkera9@shop-pro.jp';1;1002; Sales Rep
371; 'Caty'; 'Teasdale';x5800; 'cteasdaleaa@admin.ch';1;1002; Sales Rep
372; 'Simmonds'; 'Kingzet';x5800; 'skingzetab@google.ca';1;1002; Sales Rep
373; 'Harry'; 'Sweetsur';x5800; 'hsweetsurac@shinystat.com';1;1002; Sales Rep
374; 'Kalle'; 'Dudney';x5800; 'kdudneyad@symantec.com';1;1002; Sales Rep
375; 'Howard'; 'Lymer';x5800; 'hlymerae@nba.com';1;1002; Sales Rep
376; 'Flin'; 'Fadden';x5800; 'ffaddenaf@booking.com';1;1002; Sales Rep
377; 'Evelyn'; 'Hallybone';x5800; 'ehallyboneag@dion.ne.jp';1;1002; Sales Rep
378; 'Germaine'; 'Zorzetti';x5800; 'gzorzettiah@google.co.uk';1;1002; Sales Rep
379; 'Lynne'; 'Hourston';x5800; 'lhourstonai@psu.edu';1;1002; Sales Rep
380; 'Robbie'; 'Keyse';x5800; 'rkeyseaj@bloglovin.com';1;1002; Sales Rep
381; 'Lilli'; 'O''Lahy';x5800; 'lolahyak@ed.gov';1;1002; Sales Rep
382; 'Dollie'; 'Millea';x5800; 'dmilleaal@yahoo.co.jp';1;1002; Sales Rep
383; 'Bevvy'; 'Beazey';x5800; 'bbeazeyam@sourceforge.net';1;1002; Sales Rep
384; 'Nataniel'; 'Currall';x5800; 'ncurrallan@over-blog.com';1;1002; Sales Rep
385; 'Brittani'; 'Couchman';x5800; 'bcouchmanao@ted.com';1;1002; Sales Rep
386; 'Lorelle'; 'Penzer';x5800; 'lpenzerap@huffingtonpost.com';1;1002; Sales Rep
387; 'Chanda'; 'Betteridge';x5800; 'cbetteridgeaq@shareasale.com';1;1002; Sales Rep
388; 'Neddy'; 'Woodland';x5800; 'nwoodlandar@nyu.edu';1;1002; Sales Rep
389; 'Vanessa'; 'Buttrey';x5800; 'vbuttreyas@irs.gov';1;1002; Sales Rep
390; 'Remy'; 'Gyford';x5800; 'rgyfordat@jigsy.com';1;1002; Sales Rep
391; 'Willi'; 'Comiam';x5800; 'wcomiamau@cocolog-nifty.com';1;1002; Sales Rep
392; 'Katherina'; 'Hanretty';x5800; 'khanrettyav@phpbb.com';1;1002; Sales Rep
393; 'Marnia'; 'Frammingham';x5800; 'mframminghamaw@skype.com';1;1002; Sales Rep
394; 'Leticia'; 'Tofanelli';x5800; 'ltofanelliax@seesaa.net';1;1002; Sales Rep
395; 'Bettine'; 'Vuitte';x5800; 'bvuitteay@blinklist.com';1;1002; Sales Rep
396; 'Ninon'; 'Cecil';x5800; 'ncecilaz@dyndns.org';1;1002; Sales Rep
397; 'Alessandro'; 'Farens';x5800; 'afarensb0@hexun.com';1;1002; Sales Rep
398; 'Retha'; 'Burbidge';x5800; 'rburbidgeb1@lulu.com';1;1002; Sales Rep
399; 'Candida'; 'Craven';x5800; 'ccravenb2@japanpost.jp';1;1002; Sales Rep
400; 'Sibyl'; 'Lathan';x5800; 'slathanb3@yandex.ru';1;1002; Sales Rep
401; 'Virgie'; 'Busen';x5800; 'vbusenb4@ftc.gov';1;1002; Sales Rep
402; 'Camilla'; 'Pleaden';x5800; 'cpleadenb5@washingtonpost.com';1;1002; Sales Rep
403; 'Filmer'; 'Dinsmore';x5800; 'fdinsmoreb6@biglobe.ne.jp';1;1002; Sales Rep
404; 'Rustie'; 'Phifer';x5800; 'rphiferb7@redcross.org';1;1002; Sales Rep
405; 'Jessie'; 'Life';x5800; 'jlifeb8@netscape.com';1;1002; Sales Rep
406; 'Priscella'; 'McCard';x5800; 'pmccardb9@seattletimes.com';1;1002; Sales Rep
407; 'Greta'; 'Bloxham';x5800; 'gbloxhamba@wired.com';1;1002; Sales Rep
408; 'Missie'; 'Clinnick';x5800; 'mclinnickbb@europa.eu';1;1002; Sales Rep
409; 'Darice'; 'Biesterfeld';x5800; 'dbiesterfeldbc@list-manage.com';1;1002; Sales Rep
410; 'Walliw'; 'Ayling';x5800; 'waylingbd@histats.com';1;1002; Sales Rep
411; 'Adham'; 'Slayford';x5800; 'aslayfordbe@huffingtonpost.com';1;1002; Sales Rep
412; 'Walton'; 'Bartusek';x5800; 'wbartusekbf@scientificamerican.com';1;1002; Sales Rep
413; 'Alexandros'; 'O''Kieran';x5800; 'aokieranbg@e-recht24.de';1;1002; Sales Rep
414; 'Suzann'; 'Glaserman';x5800; 'sglasermanbh@webmd.com';1;1002; Sales Rep
415; 'Nick'; 'Belliveau';x5800; 'nbelliveaubi@businessweek.com';1;1002; Sales Rep
416; 'Con'; 'Hardman';x5800; 'chardmanbj@cbsnews.com';1;1002; Sales Rep
417; 'Paxton'; 'Sant';x5800; 'psantbk@myspace.com';1;1002; Sales Rep
418; 'Collete'; 'Ledamun';x5800; 'cledamunbl@cbsnews.com';1;1002; Sales Rep
419; 'Penni'; 'Thandi';x5800; 'pthandibm@uiuc.edu';1;1002; Sales Rep
420; 'Antonio'; 'Mogenot';x5800; 'amogenotbn@issuu.com';1;1002; Sales Rep
421; 'Celisse'; 'Agnolo';x5800; 'cagnolobo@opera.com';1;1002; Sales Rep
422; 'Christoforo'; 'Domoney';x5800; 'cdomoneybp@weibo.com';1;1002; Sales Rep
423; 'Dinah'; 'Kilian';x5800; 'dkilianbq@indiatimes.com';1;1002; Sales Rep
424; 'Carine'; 'Jouaneton';x5800; 'cjouanetonbr@marketwatch.com';1;1002; Sales Rep
425; 'Meriel'; 'Munday';x5800; 'mmundaybs@irs.gov';1;1002; Sales Rep
426; 'Gerry'; 'Howsin';x5800; 'ghowsinbt@list-manage.com';1;1002; Sales Rep
427; 'Carce'; 'Liddard';x5800; 'cliddardbu@europa.eu';1;1002; Sales Rep
428; 'Lionello'; 'Biggar';x5800; 'lbiggarbv@merriam-webster.com';1;1002; Sales Rep
429; 'Danice'; 'Denny';x5800; 'ddennybw@rakuten.co.jp';1;1002; Sales Rep
430; 'Ilsa'; 'Kurt';x5800; 'ikurtbx@free.fr';1;1002; Sales Rep
431; 'Armand'; 'Rutty';x5800; 'aruttyby@cbsnews.com';1;1002; Sales Rep
432; 'Lowe'; 'Blindmann';x5800; 'lblindmannbz@bbc.co.uk';1;1002; Sales Rep
433; 'Doroteya'; 'Gorringe';x5800; 'dgorringec0@weebly.com';1;1002; Sales Rep
434; 'Adel'; 'Mumbeson';x5800; 'amumbesonc1@last.fm';1;1002; Sales Rep
435; 'Lil'; 'Naden';x5800; 'lnadenc2@zdnet.com';1;1002; Sales Rep
436; 'Casar'; 'Glascott';x5800; 'cglascottc3@taobao.com';1;1002; Sales Rep
437; 'Arlette'; 'Hebden';x5800; 'ahebdenc4@php.net';1;1002; Sales Rep
438; 'Carline'; 'Wiggam';x5800; 'cwiggamc5@mac.com';1;1002; Sales Rep
439; 'Roscoe'; 'Storry';x5800; 'rstorryc6@tinyurl.com';1;1002; Sales Rep
440; 'Westleigh'; 'Ashe';x5800; 'washec7@ucsd.edu';1;1002; Sales Rep
441; 'Hersh'; 'Sheivels';x5800; 'hsheivelsc8@technorati.com';1;1002; Sales Rep
442; 'Hal'; 'Rooke';x5800; 'hrookec9@wix.com';1;1002; Sales Rep
443; 'Winnah'; 'Paulsen';x5800; 'wpaulsenca@tinypic.com';1;1002; Sales Rep
444; 'Knox'; 'Cathro';x5800; 'kcathrocb@squarespace.com';1;1002; Sales Rep
445; 'Sven'; 'Vannoni';x5800; 'svannonicc@businessweek.com';1;1002; Sales Rep
446; 'Corinna'; 'Dovington';x5800; 'cdovingtoncd@cargocollective.com';1;1002; Sales Rep
447; 'Gussy'; 'Koop';x5800; 'gkoopce@state.gov';1;1002; Sales Rep
448; 'Ethan'; 'McManamon';x5800; 'emcmanamoncf@yolasite.com';1;1002; Sales Rep
449; 'Bronnie'; 'O''Concannon';x5800; 'boconcannoncg@spiegel.de';1;1002; Sales Rep
450; 'Town'; 'Malby';x5800; 'tmalbych@qq.com';1;1002; Sales Rep
451; 'Shepperd'; 'Aiskovitch';x5800; 'saiskovitchci@usda.gov';1;1002; Sales Rep
452; 'Jenn'; 'Slora';x5800; 'jsloracj@instagram.com';1;1002; Sales Rep
453; 'Elston'; 'Drewe';x5800; 'edreweck@dailymail.co.uk';1;1002; Sales Rep
454; 'Tilly'; 'Echallie';x5800; 'techalliecl@businessweek.com';1;1002; Sales Rep
455; 'Chlo'; 'Jelks';x5800; 'cjelkscm@pinterest.com';1;1002; Sales Rep
456; 'Barnie'; 'Chilver';x5800; 'bchilvercn@shop-pro.jp';1;1002; Sales Rep
457; 'Pia'; 'Fieldsend';x5800; 'pfieldsendco@tmall.com';1;1002; Sales Rep
458; 'Jermaine'; 'Elsdon';x5800; 'jelsdoncp@theglobeandmail.com';1;1002; Sales Rep
459; 'Katey'; 'Gutowska';x5800; 'kgutowskacq@marketwatch.com';1;1002; Sales Rep
460; 'Andrea'; 'Pindell';x5800; 'apindellcr@1688.com';1;1002; Sales Rep
461; 'Ilsa'; 'Hrycek';x5800; 'ihrycekcs@arizona.edu';1;1002; Sales Rep
462; 'Rowney'; 'Wickstead';x5800; 'rwicksteadct@sciencedirect.com';1;1002; Sales Rep
463; 'Anny'; 'Stetson';x5800; 'astetsoncu@cloudflare.com';1;1002; Sales Rep
464; 'Kania'; 'Humbie';x5800; 'khumbiecv@webnode.com';1;1002; Sales Rep
465; 'Barbaraanne'; 'Jonin';x5800; 'bjonincw@about.com';1;1002; Sales Rep
466; 'Raul'; 'Josum';x5800; 'rjosumcx@blogger.com';1;1002; Sales Rep
467; 'Gustavo'; 'Meller';x5800; 'gmellercy@sfgate.com';1;1002; Sales Rep
468; 'Hailee'; 'Sayward';x5800; 'hsaywardcz@blog.com';1;1002; Sales Rep
469; 'Alanson'; 'Cleever';x5800; 'acleeverd0@uiuc.edu';1;1002; Sales Rep
470; 'Egbert'; 'Anthony';x5800; 'eanthonyd1@google.com.br';1;1002; Sales Rep
471; 'Marylou'; 'Sholl';x5800; 'msholld2@simplemachines.org';1;1002; Sales Rep
472; 'Elfrida'; 'Tarquinio';x5800; 'etarquiniod3@alexa.com';1;1002; Sales Rep
473; 'Rice'; 'Hanaby';x5800; 'rhanabyd4@examiner.com';1;1002; Sales Rep
474; 'Aurelia'; 'Cometto';x5800; 'acomettod5@hatena.ne.jp';1;1002; Sales Rep
475; 'Faythe'; 'Symons';x5800; 'fsymonsd6@1688.com';1;1002; Sales Rep
476; 'Nick'; 'Smurfitt';x5800; 'nsmurfittd7@theatlantic.com';1;1002; Sales Rep
477; 'Nydia'; 'Treleaven';x5800; 'ntreleavend8@globo.com';1;1002; Sales Rep
478; 'Chiarra'; 'Harp';x5800; 'charpd9@timesonline.co.uk';1;1002; Sales Rep
479; 'Nikolia'; 'Bennoe';x5800; 'nbennoeda@sphinn.com';1;1002; Sales Rep
480; 'Karna'; 'Wittrington';x5800; 'kwittringtondb@domainmarket.com';1;1002; Sales Rep
481; 'Salaidh'; 'Garrals';x5800; 'sgarralsdc@joomla.org';1;1002; Sales Rep
482; 'Mick'; 'Paolone';x5800; 'mpaolonedd@e-recht24.de';1;1002; Sales Rep
483; 'Yancy'; 'Rawe';x5800; 'yrawede@tinyurl.com';1;1002; Sales Rep
484; 'Hilario'; 'Sidey';x5800; 'hsideydf@netvibes.com';1;1002; Sales Rep
485; 'Mercy'; 'Adelsberg';x5800; 'madelsbergdg@miitbeian.gov.cn';1;1002; Sales Rep
486; 'Stirling'; 'Desforges';x5800; 'sdesforgesdh@sakura.ne.jp';1;1002; Sales Rep
487; 'Binnie'; 'Doveston';x5800; 'bdovestondi@boston.com';1;1002; Sales Rep
488; 'Darnell'; 'Auten';x5800; 'dautendj@cornell.edu';1;1002; Sales Rep
489; 'Violetta'; 'Cuthbert';x5800; 'vcuthbertdk@springer.com';1;1002; Sales Rep
490; 'Gay'; 'Gedney';x5800; 'ggedneydl@woothemes.com';1;1002; Sales Rep
491; 'Vivien'; 'Dikelin';x5800; 'vdikelindm@4shared.com';1;1002; Sales Rep
492; 'Erny'; 'Markushkin';x5800; 'emarkushkindn@hubpages.com';1;1002; Sales Rep
493; 'Sean'; 'De Witt';x5800; 'sdewittdo@google.nl';1;1002; Sales Rep
494; 'Carol-jean'; 'Gaiger';x5800; 'cgaigerdp@w3.org';1;1002; Sales Rep
495; 'Dalli'; 'Bodker';x5800; 'dbodkerdq@wsj.com';1;1002; Sales Rep
496; 'Erma'; 'Slateford';x5800; 'eslateforddr@reverbnation.com';1;1002; Sales Rep
497; 'Eachelle'; 'Mundow';x5800; 'emundowds@wordpress.com';1;1002; Sales Rep
498; 'Dalton'; 'Runcie';x5800; 'drunciedt@123-reg.co.uk';1;1002; Sales Rep
499; 'Ophelia'; 'Lappin';x5800; 'olappindu@smh.com.au';1;1002; Sales Rep
500; 'Jory'; 'Hearn';x5800; 'jhearndv@alibaba.com';1;1002; Sales Rep
501; 'Remy'; 'Crees';x5800; 'rcreesdw@goo.ne.jp';1;1002; Sales Rep
502; 'Lanie'; 'Brampton';x5800; 'lbramptondx@patch.com';1;1002; Sales Rep
503; 'Malory'; 'Rogers';x5800; 'mrogersdy@elegantthemes.com';1;1002; Sales Rep
504; 'Jackie'; 'Klaaasen';x5800; 'jklaaasendz@wufoo.com';1;1002; Sales Rep
505; 'Lauren'; 'Davidek';x5800; 'ldavideke0@craigslist.org';1;1002; Sales Rep
506; 'Karla'; 'Figgen';x5800; 'kfiggene1@forbes.com';1;1002; Sales Rep
507; 'Paula'; 'Burcombe';x5800; 'pburcombee2@cloudflare.com';1;1002; Sales Rep
508; 'Madelaine'; 'McGeachey';x5800; 'mmcgeacheye3@t-online.de';1;1002; Sales Rep
509; 'Emilee'; 'Ties';x5800; 'etiese4@360.cn';1;1002; Sales Rep
510; 'Judon'; 'Maund';x5800; 'jmaunde5@ibm.com';1;1002; Sales Rep
511; 'Scotty'; 'Klemps';x5800; 'sklempse6@oracle.com';1;1002; Sales Rep
512; 'Adoree'; 'Huleatt';x5800; 'ahuleatte7@newyorker.com';1;1002; Sales Rep
513; 'Yule'; 'Rankin';x5800; 'yrankine8@princeton.edu';1;1002; Sales Rep
514; 'Mira'; 'Mustill';x5800; 'mmustille9@china.com.cn';1;1002; Sales Rep
515; 'Charleen'; 'Colenutt';x5800; 'ccolenuttea@upenn.edu';1;1002; Sales Rep
516; 'Halsey'; 'Still';x5800; 'hstilleb@homestead.com';1;1002; Sales Rep
517; 'Alfy'; 'Heddy';x5800; 'aheddyec@sourceforge.net';1;1002; Sales Rep
518; 'Alli'; 'Grassett';x5800; 'agrassetted@twitpic.com';1;1002; Sales Rep
519; 'Cherrita'; 'Dowry';x5800; 'cdowryee@github.com';1;1002; Sales Rep
520; 'Ty'; 'Ribbens';x5800; 'tribbensef@bravesites.com';1;1002; Sales Rep
521; 'Shanan'; 'Ruste';x5800; 'srusteeg@arizona.edu';1;1002; Sales Rep
522; 'Garvey'; 'Pallin';x5800; 'gpallineh@arizona.edu';1;1002; Sales Rep
523; 'Laurie'; 'Hitter';x5800; 'lhitterei@ow.ly';1;1002; Sales Rep
524; 'Jordon'; 'Haffard';x5800; 'jhaffardej@bloomberg.com';1;1002; Sales Rep
525; 'Estella'; 'Faivre';x5800; 'efaivreek@japanpost.jp';1;1002; Sales Rep
526; 'Wallie'; 'Newling';x5800; 'wnewlingel@webs.com';1;1002; Sales Rep
527; 'Saree'; 'Gadsdon';x5800; 'sgadsdonem@zdnet.com';1;1002; Sales Rep
528; 'Pennie'; 'Naerup';x5800; 'pnaerupen@usnews.com';1;1002; Sales Rep
529; 'Bartholemy'; 'Erridge';x5800; 'berridgeeo@vimeo.com';1;1002; Sales Rep
530; 'Jeff'; 'Binns';x5800; 'jbinnsep@webeden.co.uk';1;1002; Sales Rep
531; 'Asia'; 'Ruggier';x5800; 'aruggiereq@typepad.com';1;1002; Sales Rep
532; 'Vassili'; 'Laux';x5800; 'vlauxer@quantcast.com';1;1002; Sales Rep
533; 'Skyler'; 'Errichiello';x5800; 'serrichielloes@theatlantic.com';1;1002; Sales Rep
534; 'Fawn'; 'Rennock';x5800; 'frennocket@spotify.com';1;1002; Sales Rep
535; 'Kennett'; 'Fontelles';x5800; 'kfontelleseu@aol.com';1;1002; Sales Rep
536; 'Noland'; 'Mewburn';x5800; 'nmewburnev@prnewswire.com';1;1002; Sales Rep
537; 'Earl'; 'Ducker';x5800; 'educkerew@reverbnation.com';1;1002; Sales Rep
538; 'Ado'; 'Curtoys';x5800; 'acurtoysex@ovh.net';1;1002; Sales Rep
539; 'Luce'; 'Authers';x5800; 'lauthersey@mit.edu';1;1002; Sales Rep
540; 'Rufus'; 'Topaz';x5800; 'rtopazez@theglobeandmail.com';1;1002; Sales Rep
541; 'Jabez'; 'Willstrop';x5800; 'jwillstropf0@japanpost.jp';1;1002; Sales Rep
542; 'Agnola'; 'Neicho';x5800; 'aneichof1@themeforest.net';1;1002; Sales Rep
543; 'Marvin'; 'Holston';x5800; 'mholstonf2@usa.gov';1;1002; Sales Rep
544; 'Oralia'; 'Witling';x5800; 'owitlingf3@slate.com';1;1002; Sales Rep
545; 'Helena'; 'Burder';x5800; 'hburderf4@dion.ne.jp';1;1002; Sales Rep
546; 'Xenos'; 'Start';x5800; 'xstartf5@linkedin.com';1;1002; Sales Rep
547; 'Glennie'; 'Borton';x5800; 'gbortonf6@economist.com';1;1002; Sales Rep
548; 'Cele'; 'Lubbock';x5800; 'clubbockf7@github.com';1;1002; Sales Rep
549; 'Whitney'; 'Alden';x5800; 'waldenf8@ustream.tv';1;1002; Sales Rep
550; 'Gabbie'; 'Terbrugge';x5800; 'gterbruggef9@cbslocal.com';1;1002; Sales Rep
551; 'Vilhelmina'; 'Scrooby';x5800; 'vscroobyfa@dailymotion.com';1;1002; Sales Rep
552; 'Meris'; 'Ccomini';x5800; 'mccominifb@discuz.net';1;1002; Sales Rep
553; 'Fania'; 'Batcock';x5800; 'fbatcockfc@vimeo.com';1;1002; Sales Rep
554; 'Derrik'; 'Musgrave';x5800; 'dmusgravefd@ibm.com';1;1002; Sales Rep
555; 'Bernard'; 'Daw';x5800; 'bdawfe@shinystat.com';1;1002; Sales Rep
556; 'Irving'; 'Mccaull';x5800; 'imccaullff@360.cn';1;1002; Sales Rep
557; 'Jeannie'; 'Northover';x5800; 'jnorthoverfg@ask.com';1;1002; Sales Rep
558; 'Sinclare'; 'Rysdale';x5800; 'srysdalefh@ocn.ne.jp';1;1002; Sales Rep
559; 'Bee'; 'Gueinn';x5800; 'bgueinnfi@hexun.com';1;1002; Sales Rep
560; 'Shirl'; 'Loxton';x5800; 'sloxtonfj@examiner.com';1;1002; Sales Rep
561; 'Magdalena'; 'Beavis';x5800; 'mbeavisfk@dyndns.org';1;1002; Sales Rep
562; 'Cherri'; 'Janny';x5800; 'cjannyfl@google.de';1;1002; Sales Rep
563; 'Tiertza'; 'Quantrill';x5800; 'tquantrillfm@fema.gov';1;1002; Sales Rep
564; 'Thayne'; 'Banfield';x5800; 'tbanfieldfn@seattletimes.com';1;1002; Sales Rep
565; 'Mildred'; 'Rother';x5800; 'mrotherfo@google.com.hk';1;1002; Sales Rep
566; 'Verina'; 'Casaro';x5800; 'vcasarofp@4shared.com';1;1002; Sales Rep
567; 'Spenser'; 'McCartney';x5800; 'smccartneyfq@mozilla.org';1;1002; Sales Rep
568; 'Fianna'; 'Pirdue';x5800; 'fpirduefr@nhs.uk';1;1002; Sales Rep
569; 'Leontine'; 'Mangam';x5800; 'lmangamfs@vk.com';1;1002; Sales Rep
570; 'Arel'; 'Suddock';x5800; 'asuddockft@geocities.jp';1;1002; Sales Rep
571; 'Toiboid'; 'Pringle';x5800; 'tpringlefu@toplist.cz';1;1002; Sales Rep
572; 'Adel'; 'Arrington';x5800; 'aarringtonfv@infoseek.co.jp';1;1002; Sales Rep
573; 'Brose'; 'Jeandillou';x5800; 'bjeandilloufw@umn.edu';1;1002; Sales Rep
574; 'Federico'; 'Hitscher';x5800; 'fhitscherfx@xrea.com';1;1002; Sales Rep
575; 'Charlotte'; 'Goatman';x5800; 'cgoatmanfy@alibaba.com';1;1002; Sales Rep
576; 'Mellisent'; 'Georgeon';x5800; 'mgeorgeonfz@google.com.br';1;1002; Sales Rep
577; 'Penelope'; 'Arpur';x5800; 'parpurg0@nymag.com';1;1002; Sales Rep
578; 'Egbert'; 'Boffey';x5800; 'eboffeyg1@eepurl.com';1;1002; Sales Rep
579; 'Nerta'; 'Pigott';x5800; 'npigottg2@linkedin.com';1;1002; Sales Rep
580; 'Andy'; 'Hacquel';x5800; 'ahacquelg3@jimdo.com';1;1002; Sales Rep
581; 'Darrell'; 'Greensides';x5800; 'dgreensidesg4@google.de';1;1002; Sales Rep
582; 'Nolana'; 'Thormwell';x5800; 'nthormwellg5@dion.ne.jp';1;1002; Sales Rep
583; 'Tandy'; 'Wallas';x5800; 'twallasg6@paypal.com';1;1002; Sales Rep
584; 'Roanne'; 'Eastup';x5800; 'reastupg7@state.gov';1;1002; Sales Rep
585; 'Tomlin'; 'Veeler';x5800; 'tveelerg8@deliciousdays.com';1;1002; Sales Rep
586; 'Lena'; 'Lambricht';x5800; 'llambrichtg9@1und1.de';1;1002; Sales Rep
587; 'Hernando'; 'Bruckshaw';x5800; 'hbruckshawga@squidoo.com';1;1002; Sales Rep
588; 'Isabel'; 'Flagg';x5800; 'iflagggb@webeden.co.uk';1;1002; Sales Rep
589; 'Patten'; 'Shayes';x5800; 'pshayesgc@disqus.com';1;1002; Sales Rep
590; 'Roseanna'; 'Alesin';x5800; 'ralesingd@acquirethisname.com';1;1002; Sales Rep
591; 'Ailyn'; 'Vankov';x5800; 'avankovge@drupal.org';1;1002; Sales Rep
592; 'Valencia'; 'Mackley';x5800; 'vmackleygf@marriott.com';1;1002; Sales Rep
593; 'Kora'; 'Craxford';x5800; 'kcraxfordgg@npr.org';1;1002; Sales Rep
594; 'Lina'; 'Bugbee';x5800; 'lbugbeegh@foxnews.com';1;1002; Sales Rep
595; 'Thornton'; 'Rockey';x5800; 'trockeygi@umich.edu';1;1002; Sales Rep
596; 'Keir'; 'Zanni';x5800; 'kzannigj@umich.edu';1;1002; Sales Rep
597; 'Barnard'; 'Nazer';x5800; 'bnazergk@wikimedia.org';1;1002; Sales Rep
598; 'Efren'; 'Gribble';x5800; 'egribblegl@etsy.com';1;1002; Sales Rep
599; 'Christye'; 'Rennick';x5800; 'crennickgm@behance.net';1;1002; Sales Rep
600; 'Christalle'; 'Childerhouse';x5800; 'cchilderhousegn@google.com.br';1;1002; Sales Rep
601; 'Marian'; 'Westwick';x5800; 'mwestwickgo@google.pl';1;1002; Sales Rep
602; 'Inglis'; 'Maiklem';x5800; 'imaiklemgp@webeden.co.uk';1;1002; Sales Rep
603; 'Eveline'; 'Danilchev';x5800; 'edanilchevgq@kickstarter.com';1;1002; Sales Rep
604; 'Jule'; 'Saltmarsh';x5800; 'jsaltmarshgr@fc2.com';1;1002; Sales Rep
605; 'Dru'; 'Elderidge';x5800; 'delderidgegs@shutterfly.com';1;1002; Sales Rep
606; 'Carce'; 'Brislen';x5800; 'cbrislengt@census.gov';1;1002; Sales Rep
607; 'Tommi'; 'Keats';x5800; 'tkeatsgu@admin.ch';1;1002; Sales Rep
608; 'Eadith'; 'Claibourn';x5800; 'eclaibourngv@goo.gl';1;1002; Sales Rep
609; 'Kippie'; 'Byrd';x5800; 'kbyrdgw@themeforest.net';1;1002; Sales Rep
610; 'Beale'; 'Menichillo';x5800; 'bmenichillogx@toplist.cz';1;1002; Sales Rep
611; 'Meghann'; 'Maeer';x5800; 'mmaeergy@cyberchimps.com';1;1002; Sales Rep
612; 'Keary'; 'McEntegart';x5800; 'kmcentegartgz@independent.co.uk';1;1002; Sales Rep
613; 'Valencia'; 'Crossan';x5800; 'vcrossanh0@gizmodo.com';1;1002; Sales Rep
614; 'Dyanne'; 'Attoc';x5800; 'dattoch1@whitehouse.gov';1;1002; Sales Rep
615; 'Eric'; 'Adamovitch';x5800; 'eadamovitchh2@simplemachines.org';1;1002; Sales Rep
616; 'Elliott'; 'Rathmell';x5800; 'erathmellh3@google.cn';1;1002; Sales Rep
617; 'Hanan'; 'Ambrosch';x5800; 'hambroschh4@lulu.com';1;1002; Sales Rep
618; 'Valenka'; 'Briand';x5800; 'vbriandh5@kickstarter.com';1;1002; Sales Rep
619; 'Waylen'; 'Borgars';x5800; 'wborgarsh6@princeton.edu';1;1002; Sales Rep
620; 'Vittorio'; 'Annett';x5800; 'vannetth7@aboutads.info';1;1002; Sales Rep
621; 'Rollo'; 'Burchall';x5800; 'rburchallh8@odnoklassniki.ru';1;1002; Sales Rep
622; 'Christal'; 'Dottridge';x5800; 'cdottridgeh9@linkedin.com';1;1002; Sales Rep
623; 'Deeann'; 'Vannuccini';x5800; 'dvannucciniha@statcounter.com';1;1002; Sales Rep
624; 'Wendy'; 'Holtham';x5800; 'wholthamhb@multiply.com';1;1002; Sales Rep
625; 'Alli'; 'Sheal';x5800; 'ashealhc@ucoz.com';1;1002; Sales Rep
626; 'Filia'; 'Cluney';x5800; 'fcluneyhd@newsvine.com';1;1002; Sales Rep
627; 'Thorpe'; 'Gilks';x5800; 'tgilkshe@yellowpages.com';1;1002; Sales Rep
628; 'Lorenza'; 'Jiroudek';x5800; 'ljiroudekhf@answers.com';1;1002; Sales Rep
629; 'Tan'; 'Shapcote';x5800; 'tshapcotehg@google.de';1;1002; Sales Rep
630; 'Buffy'; 'Langdon';x5800; 'blangdonhh@webmd.com';1;1002; Sales Rep
631; 'Sammie'; 'Ozelton';x5800; 'sozeltonhi@merriam-webster.com';1;1002; Sales Rep
632; 'Dalston'; 'Klassmann';x5800; 'dklassmannhj@amazon.co.uk';1;1002; Sales Rep
633; 'Orv'; 'Mokes';x5800; 'omokeshk@elpais.com';1;1002; Sales Rep
634; 'Doloritas'; 'Sharp';x5800; 'dsharphl@usatoday.com';1;1002; Sales Rep
635; 'Randi'; 'Rolfini';x5800; 'rrolfinihm@ftc.gov';1;1002; Sales Rep
636; 'Gabriellia'; 'Climson';x5800; 'gclimsonhn@unblog.fr';1;1002; Sales Rep
637; 'Baird'; 'Snaddon';x5800; 'bsnaddonho@house.gov';1;1002; Sales Rep
638; 'Johnny'; 'Annable';x5800; 'jannablehp@newsvine.com';1;1002; Sales Rep
639; 'Scott'; 'Siveyer';x5800; 'ssiveyerhq@ocn.ne.jp';1;1002; Sales Rep
640; 'Harley'; 'Corsor';x5800; 'hcorsorhr@ow.ly';1;1002; Sales Rep
641; 'Crichton'; 'Yandell';x5800; 'cyandellhs@flickr.com';1;1002; Sales Rep
642; 'Halie'; 'Bissill';x5800; 'hbissillht@china.com.cn';1;1002; Sales Rep
643; 'Ferguson'; 'Dunkerley';x5800; 'fdunkerleyhu@npr.org';1;1002; Sales Rep
644; 'Florie'; 'Kirgan';x5800; 'fkirganhv@wiley.com';1;1002; Sales Rep
645; 'Aeriela'; 'Gumbrell';x5800; 'agumbrellhw@networksolutions.com';1;1002; Sales Rep
646; 'Brigitte'; 'Huntington';x5800; 'bhuntingtonhx@histats.com';1;1002; Sales Rep
647; 'Percy'; 'Godwyn';x5800; 'pgodwynhy@deliciousdays.com';1;1002; Sales Rep
648; 'Ingeberg'; 'Griffithe';x5800; 'igriffithehz@google.com.hk';1;1002; Sales Rep
649; 'Tracey'; 'Domesday';x5800; 'tdomesdayi0@wp.com';1;1002; Sales Rep
650; 'Lilith'; 'Bielfelt';x5800; 'lbielfelti1@indiatimes.com';1;1002; Sales Rep
651; 'Stanly'; 'Mulvenna';x5800; 'smulvennai2@ihg.com';1;1002; Sales Rep
652; 'Alfreda'; 'De Avenell';x5800; 'adeavenelli3@discuz.net';1;1002; Sales Rep
653; 'Lilas'; 'Mellody';x5800; 'lmellodyi4@ibm.com';1;1002; Sales Rep
654; 'Cal'; 'Burdus';x5800; 'cburdusi5@google.com.au';1;1002; Sales Rep
655; 'Horatio'; 'McGinley';x5800; 'hmcginleyi6@deliciousdays.com';1;1002; Sales Rep
656; 'Cherlyn'; 'Saffrin';x5800; 'csaffrini7@is.gd';1;1002; Sales Rep
657; 'Nada'; 'Codd';x5800; 'ncoddi8@ft.com';1;1002; Sales Rep
658; 'Sella'; 'Cubin';x5800; 'scubini9@digg.com';1;1002; Sales Rep
659; 'Timmie'; 'Braunlein';x5800; 'tbraunleinia@rakuten.co.jp';1;1002; Sales Rep
660; 'Ulrick'; 'Gherarducci';x5800; 'ugherarducciib@gmpg.org';1;1002; Sales Rep
661; 'Kata'; 'Sissland';x5800; 'ksisslandic@xinhuanet.com';1;1002; Sales Rep
662; 'Raf'; 'Adolfsen';x5800; 'radolfsenid@360.cn';1;1002; Sales Rep
663; 'Donnamarie'; 'Caffrey';x5800; 'dcaffreyie@liveinternet.ru';1;1002; Sales Rep
664; 'Lisa'; 'Deekes';x5800; 'ldeekesif@sitemeter.com';1;1002; Sales Rep
665; 'Laraine'; 'Barme';x5800; 'lbarmeig@unicef.org';1;1002; Sales Rep
666; 'Noni'; 'Iban';x5800; 'nibanih@odnoklassniki.ru';1;1002; Sales Rep
667; 'Phoebe'; 'Rotter';x5800; 'protterii@archive.org';1;1002; Sales Rep
668; 'Alla'; 'Coppens';x5800; 'acoppensij@furl.net';1;1002; Sales Rep
669; 'Davie'; 'Androsik';x5800; 'dandrosikik@liveinternet.ru';1;1002; Sales Rep
670; 'Janifer'; 'Creavan';x5800; 'jcreavanil@go.com';1;1002; Sales Rep
671; 'Isiahi'; 'Baiden';x5800; 'ibaidenim@chicagotribune.com';1;1002; Sales Rep
672; 'Hetti'; 'Digginson';x5800; 'hdigginsonin@virginia.edu';1;1002; Sales Rep
673; 'Cherida'; 'Thumann';x5800; 'cthumannio@nps.gov';1;1002; Sales Rep
674; 'Sax'; 'Aslin';x5800; 'saslinip@is.gd';1;1002; Sales Rep
675; 'Aurea'; 'Fish';x5800; 'afishiq@umn.edu';1;1002; Sales Rep
676; 'Siward'; 'Vogelein';x5800; 'svogeleinir@whitehouse.gov';1;1002; Sales Rep
677; 'Maurise'; 'Deave';x5800; 'mdeaveis@who.int';1;1002; Sales Rep
678; 'Sterne'; 'Burman';x5800; 'sburmanit@lycos.com';1;1002; Sales Rep
679; 'Shanta'; 'Luthwood';x5800; 'sluthwoodiu@shutterfly.com';1;1002; Sales Rep
680; 'Gaspar'; 'Do Rosario';x5800; 'gdorosarioiv@spotify.com';1;1002; Sales Rep
681; 'Paddie'; 'Mucklo';x5800; 'pmuckloiw@sciencedaily.com';1;1002; Sales Rep
682; 'Corina'; 'Hugh';x5800; 'chughix@dailymotion.com';1;1002; Sales Rep
683; 'Robby'; 'Leitch';x5800; 'rleitchiy@goo.gl';1;1002; Sales Rep
684; 'Hube'; 'Ough';x5800; 'houghiz@smugmug.com';1;1002; Sales Rep
685; 'Marcy'; 'Trendle';x5800; 'mtrendlej0@nationalgeographic.com';1;1002; Sales Rep
686; 'Gratiana'; 'Honnan';x5800; 'ghonnanj1@buzzfeed.com';1;1002; Sales Rep
687; 'Florrie'; 'Ilive';x5800; 'filivej2@engadget.com';1;1002; Sales Rep
688; 'Gifford'; 'Littlekit';x5800; 'glittlekitj3@fema.gov';1;1002; Sales Rep
689; 'Prisca'; 'Rama';x5800; 'pramaj4@foxnews.com';1;1002; Sales Rep
690; 'Kynthia'; 'Pachmann';x5800; 'kpachmannj5@chron.com';1;1002; Sales Rep
691; 'Piper'; 'Tancock';x5800; 'ptancockj6@oracle.com';1;1002; Sales Rep
692; 'Gaby'; 'Adlington';x5800; 'gadlingtonj7@tripod.com';1;1002; Sales Rep
693; 'Salmon'; 'Kleine';x5800; 'skleinej8@ustream.tv';1;1002; Sales Rep
694; 'Benetta'; 'Barbisch';x5800; 'bbarbischj9@disqus.com';1;1002; Sales Rep
695; 'Reeva'; 'Christophle';x5800; 'rchristophleja@gravatar.com';1;1002; Sales Rep
696; 'Irv'; 'Silley';x5800; 'isilleyjb@tuttocitta.it';1;1002; Sales Rep
697; 'Eddie'; 'Cottem';x5800; 'ecottemjc@booking.com';1;1002; Sales Rep
698; 'Udell'; 'Carling';x5800; 'ucarlingjd@springer.com';1;1002; Sales Rep
699; 'Frances'; 'Flounders';x5800; 'ffloundersje@reverbnation.com';1;1002; Sales Rep
700; 'Vera'; 'Lethbury';x5800; 'vlethburyjf@bloglines.com';1;1002; Sales Rep
701; 'Noe'; 'Crebbin';x5800; 'ncrebbinjg@tripod.com';1;1002; Sales Rep
702; 'Sloan'; 'Savaage';x5800; 'ssavaagejh@soup.io';1;1002; Sales Rep
703; 'Barnie'; 'Skotcher';x5800; 'bskotcherji@go.com';1;1002; Sales Rep
704; 'Elia'; 'Ruggieri';x5800; 'eruggierijj@so-net.ne.jp';1;1002; Sales Rep
705; 'Taite'; 'Broinlich';x5800; 'tbroinlichjk@cyberchimps.com';1;1002; Sales Rep
706; 'Corey'; 'Hazeldean';x5800; 'chazeldeanjl@zimbio.com';1;1002; Sales Rep
707; 'Creigh'; 'Harbottle';x5800; 'charbottlejm@netvibes.com';1;1002; Sales Rep
708; 'Walsh'; 'Boule';x5800; 'wboulejn@ebay.co.uk';1;1002; Sales Rep
709; 'Whitaker'; 'O''Corhane';x5800; 'wocorhanejo@wordpress.org';1;1002; Sales Rep
710; 'Anna-diane'; 'Peltzer';x5800; 'apeltzerjp@tripadvisor.com';1;1002; Sales Rep
711; 'Stanleigh'; 'Firmage';x5800; 'sfirmagejq@mapy.cz';1;1002; Sales Rep
712; 'Kara-lynn'; 'Oolahan';x5800; 'koolahanjr@census.gov';1;1002; Sales Rep
713; 'Layla'; 'Cabedo';x5800; 'lcabedojs@ibm.com';1;1002; Sales Rep
714; 'Waldemar'; 'Brannigan';x5800; 'wbranniganjt@dyndns.org';1;1002; Sales Rep
715; 'Chev'; 'Faux';x5800; 'cfauxju@wikia.com';1;1002; Sales Rep
716; 'Nealy'; 'Dennistoun';x5800; 'ndennistounjv@t.co';1;1002; Sales Rep
717; 'Belle'; 'Tommasi';x5800; 'btommasijw@cargocollective.com';1;1002; Sales Rep
718; 'Hermina'; 'Kingsnorth';x5800; 'hkingsnorthjx@ustream.tv';1;1002; Sales Rep
719; 'Debbie'; 'Valenti';x5800; 'dvalentijy@noaa.gov';1;1002; Sales Rep
720; 'Wendie'; 'Nisco';x5800; 'wniscojz@usatoday.com';1;1002; Sales Rep
721; 'Rodina'; 'Nowlan';x5800; 'rnowlank0@rediff.com';1;1002; Sales Rep
722; 'Heywood'; 'Ottewell';x5800; 'hottewellk1@discuz.net';1;1002; Sales Rep
723; 'Son'; 'McBryde';x5800; 'smcbrydek2@chron.com';1;1002; Sales Rep
724; 'Kalle'; 'Yeandel';x5800; 'kyeandelk3@oakley.com';1;1002; Sales Rep
725; 'Nikolai'; 'Pavis';x5800; 'npavisk4@geocities.jp';1;1002; Sales Rep
726; 'Sheffield'; 'Fores';x5800; 'sforesk5@nbcnews.com';1;1002; Sales Rep
727; 'Evie'; 'Rathke';x5800; 'erathkek6@pbs.org';1;1002; Sales Rep
728; 'Hyacinthe'; 'Delhanty';x5800; 'hdelhantyk7@gravatar.com';1;1002; Sales Rep
729; 'Fonz'; 'Tansey';x5800; 'ftanseyk8@mac.com';1;1002; Sales Rep
730; 'Horst'; 'Hodges';x5800; 'hhodgesk9@ow.ly';1;1002; Sales Rep
731; 'Gordan'; 'Brewis';x5800; 'gbrewiska@netscape.com';1;1002; Sales Rep
732; 'Lynn'; 'Firpo';x5800; 'lfirpokb@de.vu';1;1002; Sales Rep
733; 'Hildagarde'; 'Herity';x5800; 'hheritykc@edublogs.org';1;1002; Sales Rep
734; 'Gustave'; 'Murra';x5800; 'gmurrakd@ycombinator.com';1;1002; Sales Rep
735; 'Ellyn'; 'Kitt';x5800; 'ekittke@msu.edu';1;1002; Sales Rep
736; 'Angelico'; 'Etienne';x5800; 'aetiennekf@ted.com';1;1002; Sales Rep
737; 'Jehu'; 'Gibbe';x5800; 'jgibbekg@creativecommons.org';1;1002; Sales Rep
738; 'Harper'; 'Iddiens';x5800; 'hiddienskh@ehow.com';1;1002; Sales Rep
739; 'Jeannie'; 'Woolley';x5800; 'jwoolleyki@bloomberg.com';1;1002; Sales Rep
740; 'Aeriela'; 'Livingston';x5800; 'alivingstonkj@creativecommons.org';1;1002; Sales Rep
741; 'Marti'; 'Binfield';x5800; 'mbinfieldkk@amazonaws.com';1;1002; Sales Rep
742; 'Ricard'; 'Beecroft';x5800; 'rbeecroftkl@squidoo.com';1;1002; Sales Rep
743; 'Dynah'; 'Bertrand';x5800; 'dbertrandkm@multiply.com';1;1002; Sales Rep
744; 'Willey'; 'Mellsop';x5800; 'wmellsopkn@arizona.edu';1;1002; Sales Rep
745; 'Pincus'; 'Byfford';x5800; 'pbyffordko@nationalgeographic.com';1;1002; Sales Rep
746; 'Emelina'; 'Rivalant';x5800; 'erivalantkp@tmall.com';1;1002; Sales Rep
747; 'Fara'; 'Rought';x5800; 'froughtkq@amazon.com';1;1002; Sales Rep
748; 'Sergio'; 'Lethley';x5800; 'slethleykr@1und1.de';1;1002; Sales Rep
749; 'Gilbertine'; 'Antonov';x5800; 'gantonovks@washington.edu';1;1002; Sales Rep
750; 'Pearle'; 'Marklin';x5800; 'pmarklinkt@army.mil';1;1002; Sales Rep
751; 'Hertha'; 'Oseland';x5800; 'hoselandku@topsy.com';1;1002; Sales Rep
752; 'Loydie'; 'Gristock';x5800; 'lgristockkv@foxnews.com';1;1002; Sales Rep
753; 'Melisandra'; 'Wanderschek';x5800; 'mwanderschekkw@shareasale.com';1;1002; Sales Rep
754; 'Cathee'; 'Souten';x5800; 'csoutenkx@cbslocal.com';1;1002; Sales Rep
755; 'Demetre'; 'Arter';x5800; 'darterky@tuttocitta.it';1;1002; Sales Rep
756; 'Shelley'; 'Rolse';x5800; 'srolsekz@mlb.com';1;1002; Sales Rep
757; 'Lane'; 'Aguilar';x5800; 'laguilarl0@fda.gov';1;1002; Sales Rep
758; 'Lucien'; 'Sotheby';x5800; 'lsothebyl1@shinystat.com';1;1002; Sales Rep
759; 'Margie'; 'Skippings';x5800; 'mskippingsl2@ucsd.edu';1;1002; Sales Rep
760; 'Jacquie'; 'Adamov';x5800; 'jadamovl3@t.co';1;1002; Sales Rep
761; 'Jaquith'; 'Peirce';x5800; 'jpeircel4@rediff.com';1;1002; Sales Rep
762; 'Babbette'; 'Heffer';x5800; 'bhefferl5@buzzfeed.com';1;1002; Sales Rep
763; 'Luce'; 'MacGown';x5800; 'lmacgownl6@cyberchimps.com';1;1002; Sales Rep
764; 'Allister'; 'Stonary';x5800; 'astonaryl7@xing.com';1;1002; Sales Rep
765; 'Ellette'; 'Fern';x5800; 'efernl8@mysql.com';1;1002; Sales Rep
766; 'Yale'; 'Foffano';x5800; 'yfoffanol9@devhub.com';1;1002; Sales Rep
767; 'Pia'; 'Wein';x5800; 'pweinla@globo.com';1;1002; Sales Rep
768; 'Fanny'; 'Face';x5800; 'ffacelb@macromedia.com';1;1002; Sales Rep
769; 'Illa'; 'Evett';x5800; 'ievettlc@bizjournals.com';1;1002; Sales Rep
770; 'Sella'; 'Waldera';x5800; 'swalderald@cbc.ca';1;1002; Sales Rep
771; 'Kerr'; 'Walthew';x5800; 'kwalthewle@i2i.jp';1;1002; Sales Rep
772; 'Bailie'; 'Grumley';x5800; 'bgrumleylf@upenn.edu';1;1002; Sales Rep
773; 'Clay'; 'Temperley';x5800; 'ctemperleylg@gmpg.org';1;1002; Sales Rep
774; 'Aleta'; 'Hatcher';x5800; 'ahatcherlh@ca.gov';1;1002; Sales Rep
775; 'Meir'; 'Adan';x5800; 'madanli@seattletimes.com';1;1002; Sales Rep
776; 'Caressa'; 'Boyles';x5800; 'cboyleslj@sitemeter.com';1;1002; Sales Rep
777; 'Lyon'; 'Radford';x5800; 'lradfordlk@reuters.com';1;1002; Sales Rep
778; 'Amalita'; 'Baumert';x5800; 'abaumertll@phpbb.com';1;1002; Sales Rep
779; 'Ollie'; 'Scopyn';x5800; 'oscopynlm@fastcompany.com';1;1002; Sales Rep
780; 'Laurens'; 'Dillintone';x5800; 'ldillintoneln@baidu.com';1;1002; Sales Rep
781; 'Sibilla'; 'Koene';x5800; 'skoenelo@dot.gov';1;1002; Sales Rep
782; 'Wheeler'; 'Rambadt';x5800; 'wrambadtlp@cmu.edu';1;1002; Sales Rep
783; 'Darnall'; 'Benoey';x5800; 'dbenoeylq@dedecms.com';1;1002; Sales Rep
784; 'Tabitha'; 'Bruckman';x5800; 'tbruckmanlr@sohu.com';1;1002; Sales Rep
785; 'Valentia'; 'Loffhead';x5800; 'vloffheadls@unesco.org';1;1002; Sales Rep
786; 'Adey'; 'Barme';x5800; 'abarmelt@house.gov';1;1002; Sales Rep
787; 'Rickie'; 'Honnicott';x5800; 'rhonnicottlu@purevolume.com';1;1002; Sales Rep
788; 'Filberto'; 'Groneway';x5800; 'fgronewaylv@seesaa.net';1;1002; Sales Rep
789; 'Carney'; 'Dilawey';x5800; 'cdilaweylw@theatlantic.com';1;1002; Sales Rep
790; 'Brinna'; 'Addionizio';x5800; 'baddioniziolx@histats.com';1;1002; Sales Rep
791; 'Miltie'; 'Greystock';x5800; 'mgreystockly@bluehost.com';1;1002; Sales Rep
792; 'Archibald'; 'Theuff';x5800; 'atheufflz@shareasale.com';1;1002; Sales Rep
793; 'Tamarah'; 'Derell';x5800; 'tderellm0@uiuc.edu';1;1002; Sales Rep
794; 'Ciel'; 'Steeples';x5800; 'csteeplesm1@sina.com.cn';1;1002; Sales Rep
795; 'Sallyann'; 'Dunlap';x5800; 'sdunlapm2@yolasite.com';1;1002; Sales Rep
796; 'Kelvin'; 'Ladewig';x5800; 'kladewigm3@trellian.com';1;1002; Sales Rep
797; 'Wilmer'; 'Bloodworthe';x5800; 'wbloodworthem4@networksolutions.com';1;1002; Sales Rep
798; 'Bennett'; 'Dulieu';x5800; 'bdulieum5@nationalgeographic.com';1;1002; Sales Rep
799; 'Wait'; 'Glasscoe';x5800; 'wglasscoem6@cargocollective.com';1;1002; Sales Rep
800; 'Neils'; 'Rosita';x5800; 'nrositam7@over-blog.com';1;1002; Sales Rep
801; 'Mendie'; 'Theze';x5800; 'mthezem8@ox.ac.uk';1;1002; Sales Rep
802; 'Goldy'; 'Neesham';x5800; 'gneeshamm9@reddit.com';1;1002; Sales Rep
803; 'Fernando'; 'Momford';x5800; 'fmomfordma@omniture.com';1;1002; Sales Rep
804; 'Godfree'; 'Brennand';x5800; 'gbrennandmb@acquirethisname.com';1;1002; Sales Rep
805; 'Ned'; 'Ozintsev';x5800; 'nozintsevmc@stumbleupon.com';1;1002; Sales Rep
806; 'Lorrin'; 'Yakovitch';x5800; 'lyakovitchmd@dailymotion.com';1;1002; Sales Rep
807; 'Allie'; 'Feldhammer';x5800; 'afeldhammerme@boston.com';1;1002; Sales Rep
808; 'Romona'; 'Sirrell';x5800; 'rsirrellmf@slideshare.net';1;1002; Sales Rep
809; 'Julianna'; 'Van Castele';x5800; 'jvancastelemg@soup.io';1;1002; Sales Rep
810; 'Bernard'; 'Tait';x5800; 'btaitmh@tinypic.com';1;1002; Sales Rep
811; 'Nona'; 'Sifleet';x5800; 'nsifleetmi@redcross.org';1;1002; Sales Rep
812; 'Hillery'; 'Lesper';x5800; 'hlespermj@networkadvertising.org';1;1002; Sales Rep
813; 'Candra'; 'Letertre';x5800; 'cletertremk@infoseek.co.jp';1;1002; Sales Rep
814; 'Linette'; 'Aust';x5800; 'laustml@independent.co.uk';1;1002; Sales Rep
815; 'Cathe'; 'Lapslie';x5800; 'clapsliemm@soundcloud.com';1;1002; Sales Rep
816; 'Carmelia'; 'Leatham';x5800; 'cleathammn@infoseek.co.jp';1;1002; Sales Rep
817; 'Constantia'; 'Branscombe';x5800; 'cbranscombemo@sitemeter.com';1;1002; Sales Rep
818; 'Petrina'; 'Carnall';x5800; 'pcarnallmp@altervista.org';1;1002; Sales Rep
819; 'Angil'; 'Pither';x5800; 'apithermq@apache.org';1;1002; Sales Rep
820; 'Pace'; 'Jarlmann';x5800; 'pjarlmannmr@mediafire.com';1;1002; Sales Rep
821; 'Kerri'; 'Galiford';x5800; 'kgalifordms@tripod.com';1;1002; Sales Rep
822; 'Cass'; 'Berg';x5800; 'cbergmt@blog.com';1;1002; Sales Rep
823; 'Alfreda'; 'Stapleford';x5800; 'astaplefordmu@usnews.com';1;1002; Sales Rep
824; 'Tanny'; 'Clemmens';x5800; 'tclemmensmv@marriott.com';1;1002; Sales Rep
825; 'Bil'; 'Epton';x5800; 'beptonmw@va.gov';1;1002; Sales Rep
826; 'Nickolas'; 'Edgerton';x5800; 'nedgertonmx@geocities.com';1;1002; Sales Rep
827; 'Consuelo'; 'Dutnell';x5800; 'cdutnellmy@cpanel.net';1;1002; Sales Rep
828; 'Eadie'; 'Veysey';x5800; 'eveyseymz@buzzfeed.com';1;1002; Sales Rep
829; 'Klaus'; 'Corn';x5800; 'kcornn0@youtube.com';1;1002; Sales Rep
830; 'Kevina'; 'Cawt';x5800; 'kcawtn1@imgur.com';1;1002; Sales Rep
831; 'Roxine'; 'Fincham';x5800; 'rfinchamn2@disqus.com';1;1002; Sales Rep
832; 'Lettie'; 'Lydford';x5800; 'llydfordn3@xing.com';1;1002; Sales Rep
833; 'Maddy'; 'Guye';x5800; 'mguyen4@miitbeian.gov.cn';1;1002; Sales Rep
834; 'Frederic'; 'Faulconer';x5800; 'ffaulconern5@wsj.com';1;1002; Sales Rep
835; 'Ania'; 'Wickendon';x5800; 'awickendonn6@nymag.com';1;1002; Sales Rep
836; 'Jorge'; 'Pasque';x5800; 'jpasquen7@bing.com';1;1002; Sales Rep
837; 'Ceil'; 'Odhams';x5800; 'codhamsn8@lycos.com';1;1002; Sales Rep
838; 'Dacia'; 'Wilkowski';x5800; 'dwilkowskin9@is.gd';1;1002; Sales Rep
839; 'Margret'; 'Lay';x5800; 'mlayna@apple.com';1;1002; Sales Rep
840; 'Angie'; 'Nicklinson';x5800; 'anicklinsonnb@angelfire.com';1;1002; Sales Rep
841; 'Hedi'; 'Pauley';x5800; 'hpauleync@typepad.com';1;1002; Sales Rep
842; 'Milissent'; 'O''Shesnan';x5800; 'moshesnannd@ucoz.com';1;1002; Sales Rep
843; 'Gifford'; 'O'' Donohue';x5800; 'godonohuene@free.fr';1;1002; Sales Rep
844; 'Winni'; 'Antonowicz';x5800; 'wantonowicznf@jigsy.com';1;1002; Sales Rep
845; 'Garry'; 'Chansonne';x5800; 'gchansonneng@weebly.com';1;1002; Sales Rep
846; 'Monika'; 'Faircliffe';x5800; 'mfaircliffenh@flickr.com';1;1002; Sales Rep
847; 'Skipp'; 'Westell';x5800; 'swestellni@bloomberg.com';1;1002; Sales Rep
848; 'Amalea'; 'Pinchbeck';x5800; 'apinchbecknj@senate.gov';1;1002; Sales Rep
849; 'Jobina'; 'Bartalucci';x5800; 'jbartaluccink@stumbleupon.com';1;1002; Sales Rep
850; 'Arron'; 'Reiner';x5800; 'areinernl@globo.com';1;1002; Sales Rep
851; 'Sile'; 'Mumm';x5800; 'smummnm@sourceforge.net';1;1002; Sales Rep
852; 'Rosalia'; 'Steiner';x5800; 'rsteinernn@tripadvisor.com';1;1002; Sales Rep
853; 'Whit'; 'Scamadine';x5800; 'wscamadineno@patch.com';1;1002; Sales Rep
854; 'Darrin'; 'Littrik';x5800; 'dlittriknp@storify.com';1;1002; Sales Rep
855; 'Tawsha'; 'Larderot';x5800; 'tlarderotnq@home.pl';1;1002; Sales Rep
856; 'Maighdiln'; 'Faireclough';x5800; 'mfairecloughnr@admin.ch';1;1002; Sales Rep
857; 'Kattie'; 'Harpur';x5800; 'kharpurns@google.fr';1;1002; Sales Rep
858; 'Zuzana'; 'Lansly';x5800; 'zlanslynt@timesonline.co.uk';1;1002; Sales Rep
859; 'Byrom'; 'Dukelow';x5800; 'bdukelownu@tinyurl.com';1;1002; Sales Rep
860; 'Schuyler'; 'Cammis';x5800; 'scammisnv@oracle.com';1;1002; Sales Rep
861; 'Stavro'; 'Jiles';x5800; 'sjilesnw@drupal.org';1;1002; Sales Rep
862; 'Max'; 'Durman';x5800; 'mdurmannx@youtu.be';1;1002; Sales Rep
863; 'Gusti'; 'Sansome';x5800; 'gsansomeny@liveinternet.ru';1;1002; Sales Rep
864; 'Evelyn'; 'Forcade';x5800; 'eforcadenz@psu.edu';1;1002; Sales Rep
865; 'Ryon'; 'Greenley';x5800; 'rgreenleyo0@youtu.be';1;1002; Sales Rep
866; 'Moyna'; 'Troker';x5800; 'mtrokero1@taobao.com';1;1002; Sales Rep
867; 'Gianina'; 'Huggen';x5800; 'ghuggeno2@a8.net';1;1002; Sales Rep
868; 'Gracie'; 'Phillps';x5800; 'gphillpso3@dmoz.org';1;1002; Sales Rep
869; 'Floyd'; 'Wimlett';x5800; 'fwimletto4@cam.ac.uk';1;1002; Sales Rep
870; 'Miguela'; 'Gemmill';x5800; 'mgemmillo5@discovery.com';1;1002; Sales Rep
871; 'Roseanna'; 'Belliss';x5800; 'rbellisso6@opera.com';1;1002; Sales Rep
872; 'Olive'; 'Causton';x5800; 'ocaustono7@theguardian.com';1;1002; Sales Rep
873; 'Stefanie'; 'Attard';x5800; 'sattardo8@go.com';1;1002; Sales Rep
874; 'Katti'; 'Halsey';x5800; 'khalseyo9@reddit.com';1;1002; Sales Rep
875; 'Christoffer'; 'Sillis';x5800; 'csillisoa@bing.com';1;1002; Sales Rep
876; 'Zachariah'; 'Mullender';x5800; 'zmullenderob@illinois.edu';1;1002; Sales Rep
877; 'Florance'; 'Silwood';x5800; 'fsilwoodoc@go.com';1;1002; Sales Rep
878; 'Ronda'; 'Ramalho';x5800; 'rramalhood@flickr.com';1;1002; Sales Rep
879; 'Olenolin'; 'Colaco';x5800; 'ocolacooe@newyorker.com';1;1002; Sales Rep
880; 'Reiko'; 'Vedenyapin';x5800; 'rvedenyapinof@xinhuanet.com';1;1002; Sales Rep
881; 'Garnette'; 'Shall';x5800; 'gshallog@google.es';1;1002; Sales Rep
882; 'Belita'; 'Skirling';x5800; 'bskirlingoh@csmonitor.com';1;1002; Sales Rep
883; 'Kaia'; 'Reiner';x5800; 'kreineroi@shareasale.com';1;1002; Sales Rep
884; 'Leonhard'; 'Barczewski';x5800; 'lbarczewskioj@hubpages.com';1;1002; Sales Rep
885; 'Gwyn'; 'Brauns';x5800; 'gbraunsok@devhub.com';1;1002; Sales Rep
886; 'Dillie'; 'Aldcorn';x5800; 'daldcornol@nytimes.com';1;1002; Sales Rep
887; 'Georges'; 'Rossoni';x5800; 'grossoniom@vinaora.com';1;1002; Sales Rep
888; 'Kamillah'; 'Jest';x5800; 'kjeston@discuz.net';1;1002; Sales Rep
889; 'Ari'; 'Floweth';x5800; 'aflowethoo@slate.com';1;1002; Sales Rep
890; 'Hyatt'; 'Wistance';x5800; 'hwistanceop@newyorker.com';1;1002; Sales Rep
891; 'Amory'; 'Braidford';x5800; 'abraidfordoq@dot.gov';1;1002; Sales Rep
892; 'Rosamond'; 'Gartan';x5800; 'rgartanor@desdev.cn';1;1002; Sales Rep
893; 'Rodrique'; 'Leaming';x5800; 'rleamingos@soundcloud.com';1;1002; Sales Rep
894; 'Ashby'; 'Struttman';x5800; 'astruttmanot@linkedin.com';1;1002; Sales Rep
895; 'Nertie'; 'Dulany';x5800; 'ndulanyou@epa.gov';1;1002; Sales Rep
896; 'Charlena'; 'Duplock';x5800; 'cduplockov@state.tx.us';1;1002; Sales Rep
897; 'Cosette'; 'Crosdill';x5800; 'ccrosdillow@shop-pro.jp';1;1002; Sales Rep
898; 'Merl'; 'Barton';x5800; 'mbartonox@yellowpages.com';1;1002; Sales Rep
899; 'Raphaela'; 'Leahey';x5800; 'rleaheyoy@cargocollective.com';1;1002; Sales Rep
900; 'Derrick'; 'Illsley';x5800; 'dillsleyoz@newsvine.com';1;1002; Sales Rep
901; 'Adey'; 'Sloyan';x5800; 'asloyanp0@goodreads.com';1;1002; Sales Rep
902; 'Jacquenette'; 'Gorrissen';x5800; 'jgorrissenp1@ebay.com';1;1002; Sales Rep
903; 'Norina'; 'Mabee';x5800; 'nmabeep2@artisteer.com';1;1002; Sales Rep
904; 'Obediah'; 'Biddell';x5800; 'obiddellp3@toplist.cz';1;1002; Sales Rep
905; 'Welsh'; 'Berkelay';x5800; 'wberkelayp4@nytimes.com';1;1002; Sales Rep
906; 'Cordi'; 'Garner';x5800; 'cgarnerp5@usatoday.com';1;1002; Sales Rep
907; 'Beatrice'; 'Crummay';x5800; 'bcrummayp6@disqus.com';1;1002; Sales Rep
908; 'Maison'; 'Klimuk';x5800; 'mklimukp7@stumbleupon.com';1;1002; Sales Rep
909; 'Ingra'; 'Greeveson';x5800; 'igreevesonp8@foxnews.com';1;1002; Sales Rep
910; 'Pru'; 'Alishoner';x5800; 'palishonerp9@usnews.com';1;1002; Sales Rep
911; 'Prue'; 'Eaton';x5800; 'peatonpa@rakuten.co.jp';1;1002; Sales Rep
912; 'Lewiss'; 'Yankin';x5800; 'lyankinpb@360.cn';1;1002; Sales Rep
913; 'Rudd'; 'Ellcome';x5800; 'rellcomepc@shareasale.com';1;1002; Sales Rep
914; 'Niles'; 'Hearsey';x5800; 'nhearseypd@phpbb.com';1;1002; Sales Rep
915; 'Rossie'; 'Gomme';x5800; 'rgommepe@npr.org';1;1002; Sales Rep
916; 'Garrott'; 'Dumbell';x5800; 'gdumbellpf@bloomberg.com';1;1002; Sales Rep
917; 'Frasco'; 'Kemell';x5800; 'fkemellpg@scientificamerican.com';1;1002; Sales Rep
918; 'Kailey'; 'Scamaden';x5800; 'kscamadenph@samsung.com';1;1002; Sales Rep
919; 'Eyde'; 'Gouldie';x5800; 'egouldiepi@ca.gov';1;1002; Sales Rep
920; 'Fanni'; 'Iacovides';x5800; 'fiacovidespj@howstuffworks.com';1;1002; Sales Rep
921; 'Irene'; 'Jewkes';x5800; 'ijewkespk@stanford.edu';1;1002; Sales Rep
922; 'Jarid'; 'Moyler';x5800; 'jmoylerpl@eepurl.com';1;1002; Sales Rep
923; 'Tan'; 'Rosenblum';x5800; 'trosenblumpm@surveymonkey.com';1;1002; Sales Rep
924; 'Bevan'; 'Comolli';x5800; 'bcomollipn@statcounter.com';1;1002; Sales Rep
925; 'Hollyanne'; 'Salle';x5800; 'hsallepo@wordpress.org';1;1002; Sales Rep
926; 'Benedick'; 'Stickley';x5800; 'bstickleypp@scribd.com';1;1002; Sales Rep
927; 'Aron'; 'Eliassen';x5800; 'aeliassenpq@issuu.com';1;1002; Sales Rep
928; 'Cathie'; 'Skaife';x5800; 'cskaifepr@yahoo.com';1;1002; Sales Rep
929; 'Teodora'; 'Bernardes';x5800; 'tbernardesps@theguardian.com';1;1002; Sales Rep
930; 'Manfred'; 'Realph';x5800; 'mrealphpt@stumbleupon.com';1;1002; Sales Rep
931; 'Francine'; 'Mingardi';x5800; 'fmingardipu@vkontakte.ru';1;1002; Sales Rep
932; 'Tobye'; 'Robathon';x5800; 'trobathonpv@who.int';1;1002; Sales Rep
933; 'Vannie'; 'Southorn';x5800; 'vsouthornpw@nps.gov';1;1002; Sales Rep
934; 'Emilie'; 'Coney';x5800; 'econeypx@ibm.com';1;1002; Sales Rep
935; 'Giustino'; 'Olner';x5800; 'golnerpy@so-net.ne.jp';1;1002; Sales Rep
936; 'Lorette'; 'Hallihan';x5800; 'lhallihanpz@blinklist.com';1;1002; Sales Rep
937; 'Hale'; 'Babbage';x5800; 'hbabbageq0@zdnet.com';1;1002; Sales Rep
938; 'Norry'; 'Hammett';x5800; 'nhammettq1@utexas.edu';1;1002; Sales Rep
939; 'Joyce'; 'Tilt';x5800; 'jtiltq2@vistaprint.com';1;1002; Sales Rep
940; 'Broderick'; 'Broadey';x5800; 'bbroadeyq3@discovery.com';1;1002; Sales Rep
941; 'Fairlie'; 'Nunnery';x5800; 'fnunneryq4@npr.org';1;1002; Sales Rep
942; 'Angie'; 'Duham';x5800; 'aduhamq5@si.edu';1;1002; Sales Rep
943; 'Gawain'; 'Hamsson';x5800; 'ghamssonq6@sogou.com';1;1002; Sales Rep
944; 'Luise'; 'Bulstrode';x5800; 'lbulstrodeq7@intel.com';1;1002; Sales Rep
945; 'Gran'; 'Keri';x5800; 'gkeriq8@amazon.co.uk';1;1002; Sales Rep
946; 'Darline'; 'Renfield';x5800; 'drenfieldq9@shutterfly.com';1;1002; Sales Rep
947; 'Virginie'; 'Harbar';x5800; 'vharbarqa@live.com';1;1002; Sales Rep
948; 'Brandi'; 'Gramer';x5800; 'bgramerqb@marketwatch.com';1;1002; Sales Rep
949; 'Laney'; 'Volleth';x5800; 'lvollethqc@google.com.br';1;1002; Sales Rep
950; 'Antone'; 'O''Flynn';x5800; 'aoflynnqd@pinterest.com';1;1002; Sales Rep
951; 'Neddy'; 'Stickens';x5800; 'nstickensqe@squidoo.com';1;1002; Sales Rep
952; 'Larissa'; 'Meace';x5800; 'lmeaceqf@homestead.com';1;1002; Sales Rep
953; 'Angela'; 'Rallin';x5800; 'arallinqg@mapquest.com';1;1002; Sales Rep
954; 'Parker'; 'Bremmell';x5800; 'pbremmellqh@webeden.co.uk';1;1002; Sales Rep
955; 'Clarance'; 'Gauson';x5800; 'cgausonqi@alibaba.com';1;1002; Sales Rep
956; 'Philomena'; 'Pidgeley';x5800; 'ppidgeleyqj@china.com.cn';1;1002; Sales Rep
957; 'Eleanor'; 'Domenichini';x5800; 'edomenichiniqk@slideshare.net';1;1002; Sales Rep
958; 'Udell'; 'Petri';x5800; 'upetriql@aboutads.info';1;1002; Sales Rep
959; 'Hebert'; 'Chatel';x5800; 'hchatelqm@samsung.com';1;1002; Sales Rep
960; 'Ezra'; 'Doorey';x5800; 'edooreyqn@ted.com';1;1002; Sales Rep
961; 'Jess'; 'Mitchinson';x5800; 'jmitchinsonqo@mozilla.com';1;1002; Sales Rep
962; 'Leroi'; 'Llewhellin';x5800; 'lllewhellinqp@etsy.com';1;1002; Sales Rep
963; 'Rennie'; 'Courtese';x5800; 'rcourteseqq@gizmodo.com';1;1002; Sales Rep
964; 'Vera'; 'Girt';x5800; 'vgirtqr@ftc.gov';1;1002; Sales Rep
965; 'Nester'; 'Edwin';x5800; 'nedwinqs@nasa.gov';1;1002; Sales Rep
966; 'Jillie'; 'Lytell';x5800; 'jlytellqt@about.com';1;1002; Sales Rep
967; 'Melony'; 'Elsie';x5800; 'melsiequ@linkedin.com';1;1002; Sales Rep
968; 'Even'; 'Duggon';x5800; 'eduggonqv@home.pl';1;1002; Sales Rep
969; 'Korrie'; 'Wanstall';x5800; 'kwanstallqw@1688.com';1;1002; Sales Rep
970; 'Diane'; 'O''Hear';x5800; 'dohearqx@netvibes.com';1;1002; Sales Rep
971; 'Michelle'; 'Rodenhurst';x5800; 'mrodenhurstqy@scribd.com';1;1002; Sales Rep
972; 'Joanie'; 'Horsfield';x5800; 'jhorsfieldqz@so-net.ne.jp';1;1002; Sales Rep
973; 'Kelly'; 'Rushe';x5800; 'krusher0@wikimedia.org';1;1002; Sales Rep
974; 'Dede'; 'Chalcraft';x5800; 'dchalcraftr1@dyndns.org';1;1002; Sales Rep
975; 'Ozzy'; 'Lawrenceson';x5800; 'olawrencesonr2@unblog.fr';1;1002; Sales Rep
976; 'Leicester'; 'Stanluck';x5800; 'lstanluckr3@nih.gov';1;1002; Sales Rep
977; 'Pooh'; 'Litherborough';x5800; 'plitherboroughr4@samsung.com';1;1002; Sales Rep
978; 'Ivan'; 'Mollnar';x5800; 'imollnarr5@sakura.ne.jp';1;1002; Sales Rep
979; 'Giacopo'; 'Paynter';x5800; 'gpaynterr6@issuu.com';1;1002; Sales Rep
980; 'Raquel'; 'Quaife';x5800; 'rquaifer7@jugem.jp';1;1002; Sales Rep
981; 'Shelton'; 'Chevalier';x5800; 'schevalierr8@goo.gl';1;1002; Sales Rep
982; 'Alisun'; 'Haighton';x5800; 'ahaightonr9@vk.com';1;1002; Sales Rep
983; 'Ulises'; 'Pallant';x5800; 'upallantra@accuweather.com';1;1002; Sales Rep
984; 'Sloane'; 'Kembery';x5800; 'skemberyrb@goodreads.com';1;1002; Sales Rep
985; 'Rana'; 'Thorneley';x5800; 'rthorneleyrc@fc2.com';1;1002; Sales Rep
986; 'Livvie'; 'Auston';x5800; 'laustonrd@usda.gov';1;1002; Sales Rep
987; 'Lucais'; 'Gillatt';x5800; 'lgillattre@netlog.com';1;1002; Sales Rep
988; 'Yorker'; 'Ludron';x5800; 'yludronrf@topsy.com';1;1002; Sales Rep
989; 'Zena'; 'Kose';x5800; 'zkoserg@youtube.com';1;1002; Sales Rep
990; 'Manya'; 'Pallis';x5800; 'mpallisrh@wordpress.com';1;1002; Sales Rep
991; 'Kameko'; 'Pideon';x5800; 'kpideonri@google.com.au';1;1002; Sales Rep
992; 'Tanner'; 'Curneen';x5800; 'tcurneenrj@chronoengine.com';1;1002; Sales Rep
993; 'Edmund'; 'Reasun';x5800; 'ereasunrk@infoseek.co.jp';1;1002; Sales Rep
994; 'Adoree'; 'Hallawell';x5800; 'ahallawellrl@1und1.de';1;1002; Sales Rep
995; 'Beauregard'; 'Noden';x5800; 'bnodenrm@creativecommons.org';1;1002; Sales Rep
996; 'Boigie'; 'Deares';x5800; 'bdearesrn@gov.uk';1;1002; Sales Rep
997; 'Reeta'; 'Quinnelly';x5800; 'rquinnellyro@geocities.jp';1;1002; Sales Rep
998; 'Toiboid'; 'Dennistoun';x5800; 'tdennistounrp@163.com';1;1002; Sales Rep
999; 'Justina'; 'Manach';x5800; 'jmanachrq@nba.com';1;1002; Sales Rep
1000; 'Stanislaus'; 'Rockell';x5800; 'srockellrr@nytimes.com';1;1002; Sales Rep
